project_slug,cve_id,github_username,github_repository_name,commit,file,class,class_start,class_end,method,method_start,method_end,signature,Done
alibaba__one-java-agent_CVE-2022-25842_0.0.1,CVE-2022-25842,alibaba,one-java-agent,359603b63fc6c59d8b57e061c171954bab3433bf,one-java-agent-plugin/src/main/java/com/alibaba/oneagent/utils/IOUtils.java,IOUtils,24.0,106.0,unzip,,,"unzip(String zipFile, String extractFolder)",
apache__dolphinscheduler_CVE-2022-26884_2.0.5,CVE-2022-26884,apache,dolphinscheduler,9717da6c255414eaef1c9ac943b0eb8989c1a85d,dolphinscheduler-server/src/main/java/org/apache/dolphinscheduler/server/log/LoggerRequestProcessor.java,LoggerRequestProcessor,57.0,185.0,checkPathSecurity,142.0,148.0,boolean checkPathSecurity(String),
apache__jspwiki_CVE-2019-10077_2.11.0.M3,CVE-2019-10077,apache,jspwiki,87c89f0405d6b31fc165358ce5d5bc4536e32a8a,jspwiki-main/src/main/java/org/apache/wiki/parser/JSPWikiMarkupParser.java,JSPWikiMarkupParser,76.0,2667.0,handleHyperlinks,1189.0,1398.0,"Element handleHyperlinks(String,int)",
apache__jspwiki_CVE-2019-10077_2.11.0.M3,CVE-2019-10077,apache,jspwiki,87c89f0405d6b31fc165358ce5d5bc4536e32a8a,jspwiki-main/src/main/java/org/apache/wiki/parser/JSPWikiMarkupParser.java,JSPWikiMarkupParser,76.0,2667.0,handleDiv,2031.0,2171.0,Element handleDiv(boolean),
apache__jspwiki_CVE-2022-46907_2.11.3,CVE-2022-46907,apache,jspwiki,0b9a0149032170063f22d65e335dfd317db815ea,jspwiki-main/src/main/java/org/apache/wiki/plugin/BugReportHandler.java,BugReportHandler,59.0,186.0,execute,79.0,160.0,"String execute(Context,Map)",
apache__jspwiki_CVE-2022-46907_2.11.3,CVE-2022-46907,apache,jspwiki,46e1ef7a595ca5cabf5ef184139910413f2024fc,jspwiki-main/src/main/java/org/apache/wiki/plugin/InsertPage.java,InsertPage,57.0,85.0,execute,85.0,212.0,"String execute(Context,Map)",
apache__jspwiki_CVE-2022-46907_2.11.3,CVE-2022-46907,apache,jspwiki,484c6a133e397693991b7c9a9b62ef3ca48ce707,jspwiki-main/src/main/java/org/apache/wiki/forms/FormOutput.java,FormOutput,37.0,58.0,execute,58.0,134.0,"String execute(Context,Map)",
apache__jspwiki_CVE-2022-46907_2.11.3,CVE-2022-46907,apache,jspwiki,82be08904a6d8bd22fa2d4e5a7e85f43408724d3,jspwiki-main/src/main/java/org/apache/wiki/forms/FormOpen.java,FormOpen,70.0,81.0,execute,81.0,132.0,"String execute(Context,Map)",
apache__jspwiki_CVE-2022-46907_2.11.3,CVE-2022-46907,apache,jspwiki,9d6dbf911d52d724297e4e46c4b80649fb028ff9,jspwiki-main/src/main/java/org/apache/wiki/plugin/CurrentTimePlugin.java,CurrentTimePlugin,41.0,49.0,execute,49.0,65.0,"String execute(Context,Map)",
apache__jspwiki_CVE-2022-46907_2.11.3,CVE-2022-46907,apache,jspwiki,df20770f251a8d7431047e556b144ef24ee6a3a7,jspwiki-main/src/main/java/org/apache/wiki/plugin/Search.java,Search,53.0,109.0,execute,73.0,101.0,"String execute(Context,Map)",
apache__sling-org-apache-sling-xss_CVE-2016-5394_1.0.8,CVE-2016-5394,apache,sling-org-apache-sling-xss,de32b144ad2be3367559f6184d560db42a220529,src/main/java/org/apache/sling/xss/impl/XSSAPIImpl.java,XSSAPIImpl,50.0,455.0,getValidDimension,120.0,134.0,"String getValidDimension(String,String)",
apache__sling-org-apache-sling-xss_CVE-2016-5394_1.0.8,CVE-2016-5394,apache,sling-org-apache-sling-xss,de32b144ad2be3367559f6184d560db42a220529,src/main/java/org/apache/sling/xss/impl/XSSAPIImpl.java,XSSAPIImpl,50.0,455.0,activate,,,,
apache__sling-org-apache-sling-xss_CVE-2016-5394_1.0.8,CVE-2016-5394,apache,sling-org-apache-sling-xss,de32b144ad2be3367559f6184d560db42a220529,src/main/java/org/apache/sling/xss/impl/XSSAPIImpl.java,XSSAPIImpl,50.0,455.0,encodeForJSString,,,,
apache__sling-org-apache-sling-xss_CVE-2016-5394_1.0.8,CVE-2016-5394,apache,sling-org-apache-sling-xss,de32b144ad2be3367559f6184d560db42a220529,src/main/java/org/apache/sling/xss/impl/XSSFilterImpl.java,XSSFilterImpl,53.0,244.0,handleEvent,84.0,88.0,void handleEvent(Event),
apache__sling-org-apache-sling-xss_CVE-2016-5394_1.0.8,CVE-2016-5394,apache,sling-org-apache-sling-xss,de32b144ad2be3367559f6184d560db42a220529,src/main/java/org/apache/sling/xss/impl/XSSFilterImpl.java,XSSFilterImpl,53.0,244.0,getFilterRule,163.0,170.0,XSSFilterRule getFilterRule(ProtectionContext),
apache__sling-org-apache-sling-xss_CVE-2016-5394_1.0.8,CVE-2016-5394,apache,sling-org-apache-sling-xss,de32b144ad2be3367559f6184d560db42a220529,src/main/java/org/apache/sling/xss/impl/XSSFilterImpl.java,XSSFilterImpl,53.0,244.0,updateDefaultHandler,114.0,154.0,void updateDefaultHandler(),
apache__sling-org-apache-sling-xss_CVE-2016-5394_1.0.8,CVE-2016-5394,apache,sling-org-apache-sling-xss,de32b144ad2be3367559f6184d560db42a220529,src/test/java/org/apache/sling/xss/impl/XSSAPIImplTest.java,XSSAPIImplTest,43.0,616.0,testGetValidJSToken,396.0,423.0,void testGetValidJSToken(),
apache__sling-org-apache-sling-xss_CVE-2016-5394_1.0.8,CVE-2016-5394,apache,sling-org-apache-sling-xss,de32b144ad2be3367559f6184d560db42a220529,src/test/java/org/apache/sling/xss/impl/XSSAPIImplTest.java,XSSAPIImplTest,43.0,616.0,testGetValidDimension,344.0,369.0,void testGetValidDimension(),
apache__sling-org-apache-sling-xss_CVE-2016-5394_1.0.8,CVE-2016-5394,apache,sling-org-apache-sling-xss,de32b144ad2be3367559f6184d560db42a220529,src/test/java/org/apache/sling/xss/impl/XSSAPIImplTest.java,XSSAPIImplTest,43.0,616.0,testGetValidHref,219.0,280.0,void testGetValidHref(),
apache__sling-org-apache-sling-xss_CVE-2016-5394_1.0.8,CVE-2016-5394,apache,sling-org-apache-sling-xss,de32b144ad2be3367559f6184d560db42a220529,src/test/java/org/apache/sling/xss/impl/XSSAPIImplTest.java,XSSAPIImplTest,43.0,616.0,testFilterHTML,184.0,214.0,void testFilterHTML(),
apache__sling-org-apache-sling-xss_CVE-2016-5394_1.0.8,CVE-2016-5394,apache,sling-org-apache-sling-xss,de32b144ad2be3367559f6184d560db42a220529,src/test/java/org/apache/sling/xss/impl/XSSAPIImplTest.java,XSSAPIImplTest,43.0,616.0,testEncodeForCSSString,428.0,443.0,void testEncodeForCSSString(),
apache__uima-uimaj_CVE-2022-32287_3.3.0,CVE-2022-32287,apache,uima-uimaj,1088f615154b385dd163965b8d2ef78e87111ab1,uimaj-core/src/main/java/org/apache/uima/pear/util/FileUtil.java,FileUtil,67.0,1463.0,zipFile,1442.0,1449.0,File zipFile(File),
apache__uima-uimaj_CVE-2022-32287_3.3.0,CVE-2022-32287,apache,uima-uimaj,1088f615154b385dd163965b8d2ef78e87111ab1,uimaj-core/src/main/java/org/apache/uima/pear/util/FileUtil.java,FileUtil,67.0,1463.0,extractDirectoryFromJar,675.0,677.0,"long extractDirectoryFromJar(JarFile,String,File)",
apache__uima-uimaj_CVE-2022-32287_3.3.0,CVE-2022-32287,apache,uima-uimaj,1088f615154b385dd163965b8d2ef78e87111ab1,uimaj-core/src/main/java/org/apache/uima/pear/util/FileUtil.java,FileUtil,67.0,1463.0,zipDirectory,1335.0,1339.0,File zipDirectory(File),
apache__uima-uimaj_CVE-2022-32287_3.3.0,CVE-2022-32287,apache,uima-uimaj,1088f615154b385dd163965b8d2ef78e87111ab1,uimaj-core/src/main/java/org/apache/uima/pear/util/FileUtil.java,NameFileFilter,150.0,170.0,accept,170.0,180.0,boolean accept(File),
apache__uima-uimaj_CVE-2022-32287_3.3.0,CVE-2022-32287,apache,uima-uimaj,1088f615154b385dd163965b8d2ef78e87111ab1,uimaj-core/src/main/java/org/apache/uima/pear/util/FileUtil.java,FileUtil,67.0,1463.0,getRelativePath,838.0,845.0,"String getRelativePath(File,String)",
apache__uima-uimaj_CVE-2022-32287_3.3.0,CVE-2022-32287,apache,uima-uimaj,1088f615154b385dd163965b8d2ef78e87111ab1,uimaj-core/src/main/java/org/apache/uima/pear/util/FileUtil.java,FileUtil,67.0,1463.0,zipDirectory,1382.0,1429.0,"ZipOutputStream zipDirectory(File,ZipOutputStream,File,File)",
apache__uima-uimaj_CVE-2022-32287_3.3.0,CVE-2022-32287,apache,uima-uimaj,1088f615154b385dd163965b8d2ef78e87111ab1,uimaj-core/src/main/java/org/apache/uima/pear/util/FileUtil.java,FileUtil,67.0,1463.0,createFileList,579.0,594.0,Collection createFileList(JarFile),
apache__uima-uimaj_CVE-2022-32287_3.3.0,CVE-2022-32287,apache,uima-uimaj,1088f615154b385dd163965b8d2ef78e87111ab1,uimaj-core/src/main/java/org/apache/uima/pear/util/FileUtil.java,FileUtil,67.0,1463.0,deleteDirectory,639.0,658.0,boolean deleteDirectory(File),
apache__uima-uimaj_CVE-2022-32287_3.3.0,CVE-2022-32287,apache,uima-uimaj,1088f615154b385dd163965b8d2ef78e87111ab1,uimaj-core/src/main/java/org/apache/uima/pear/util/FileUtil.java,DirFileFilter,104.0,132.0,DirFileFilter,118.0,123.0,"DirFileFilter(String,String)",
apache__uima-uimaj_CVE-2022-32287_3.3.0,CVE-2022-32287,apache,uima-uimaj,1088f615154b385dd163965b8d2ef78e87111ab1,uimaj-core/src/main/java/org/apache/uima/pear/util/FileUtil.java,FileUtil,67.0,1463.0,getFileSize,808.0,825.0,long getFileSize(String),
apache__uima-uimaj_CVE-2022-32287_3.3.0,CVE-2022-32287,apache,uima-uimaj,1088f615154b385dd163965b8d2ef78e87111ab1,uimaj-core/src/main/java/org/apache/uima/pear/util/FileUtil.java,FileUtil,67.0,1463.0,isAsciiStream,924.0,938.0,boolean isAsciiStream(InputStream),
apache__uima-uimaj_CVE-2022-32287_3.3.0,CVE-2022-32287,apache,uima-uimaj,1088f615154b385dd163965b8d2ef78e87111ab1,uimaj-core/src/main/java/org/apache/uima/pear/util/FileUtil.java,FileUtil,67.0,1463.0,createDirList,494.0,518.0,Collection createDirList(JarFile),
apache__uima-uimaj_CVE-2022-32287_3.3.0,CVE-2022-32287,apache,uima-uimaj,1088f615154b385dd163965b8d2ef78e87111ab1,uimaj-core/src/main/java/org/apache/uima/pear/util/FileUtil.java,FileUtil,67.0,1463.0,loadTextFileFromJar,1156.0,1166.0,"String loadTextFileFromJar(String,JarFile)",
apache__uima-uimaj_CVE-2022-32287_3.3.0,CVE-2022-32287,apache,uima-uimaj,1088f615154b385dd163965b8d2ef78e87111ab1,uimaj-core/src/main/java/org/apache/uima/pear/util/FileUtil.java,DirFileFilter,104.0,132.0,accept,132.0,142.0,boolean accept(File),
apache__uima-uimaj_CVE-2022-32287_3.3.0,CVE-2022-32287,apache,uima-uimaj,1088f615154b385dd163965b8d2ef78e87111ab1,uimaj-core/src/main/java/org/apache/uima/pear/util/FileUtil.java,FileUtil,67.0,1463.0,moveFile,1207.0,1215.0,"boolean moveFile(File,File)",
apache__uima-uimaj_CVE-2022-32287_3.3.0,CVE-2022-32287,apache,uima-uimaj,1088f615154b385dd163965b8d2ef78e87111ab1,uimaj-core/src/main/java/org/apache/uima/pear/util/FileUtil.java,FileUtil,67.0,1463.0,loadListOfStrings,950.0,963.0,String loadListOfStrings(BufferedReader),
apache__uima-uimaj_CVE-2022-32287_3.3.0,CVE-2022-32287,apache,uima-uimaj,1088f615154b385dd163965b8d2ef78e87111ab1,uimaj-core/src/main/java/org/apache/uima/pear/util/FileUtil.java,FileUtil,67.0,1463.0,localPathToFileUrl,1176.0,1190.0,String localPathToFileUrl(String),
apache__uima-uimaj_CVE-2022-32287_3.3.0,CVE-2022-32287,apache,uima-uimaj,1088f615154b385dd163965b8d2ef78e87111ab1,uimaj-core/src/main/java/org/apache/uima/pear/util/FileUtil.java,FileUtil,67.0,1463.0,replaceStringInFile,1233.0,1309.0,"int replaceStringInFile(File,String,String)",
apache__uima-uimaj_CVE-2022-32287_3.3.0,CVE-2022-32287,apache,uima-uimaj,1088f615154b385dd163965b8d2ef78e87111ab1,uimaj-core/src/main/java/org/apache/uima/pear/util/FileUtil.java,FileUtil,67.0,1463.0,loadTextFile,1080.0,1085.0,String loadTextFile(File),
apache__uima-uimaj_CVE-2022-32287_3.3.0,CVE-2022-32287,apache,uima-uimaj,1088f615154b385dd163965b8d2ef78e87111ab1,uimaj-core/src/main/java/org/apache/uima/pear/util/FileUtil.java,FileUtil,67.0,1463.0,cleanUpDirectoryContent,253.0,273.0,int cleanUpDirectoryContent(File),
apache__uima-uimaj_CVE-2022-32287_3.3.0,CVE-2022-32287,apache,uima-uimaj,1088f615154b385dd163965b8d2ef78e87111ab1,uimaj-core/src/main/java/org/apache/uima/pear/util/FileUtil.java,FileUtil,67.0,1463.0,identifyUtfSignature,860.0,879.0,"String identifyUtfSignature(int,int)",
apache__uima-uimaj_CVE-2022-32287_3.3.0,CVE-2022-32287,apache,uima-uimaj,1088f615154b385dd163965b8d2ef78e87111ab1,uimaj-core/src/main/java/org/apache/uima/pear/util/FileUtil.java,FileUtil,67.0,1463.0,zipFile,1463.0,1494.0,"File zipFile(File,File)",
apache__uima-uimaj_CVE-2022-32287_3.3.0,CVE-2022-32287,apache,uima-uimaj,1088f615154b385dd163965b8d2ef78e87111ab1,uimaj-core/src/main/java/org/apache/uima/pear/util/FileUtil.java,FileUtil,67.0,1463.0,computeRelativePath,351.0,375.0,"String computeRelativePath(File,File)",
apache__uima-uimaj_CVE-2022-32287_3.3.0,CVE-2022-32287,apache,uima-uimaj,1088f615154b385dd163965b8d2ef78e87111ab1,uimaj-core/src/main/java/org/apache/uima/pear/util/FileUtil.java,FileUtil,67.0,1463.0,createTempFile,615.0,624.0,"File createTempFile(String,String)",
apache__uima-uimaj_CVE-2022-32287_3.3.0,CVE-2022-32287,apache,uima-uimaj,1088f615154b385dd163965b8d2ef78e87111ab1,uimaj-core/src/main/java/org/apache/uima/pear/util/FileUtil.java,FileUtil,67.0,1463.0,loadTextFile,1044.0,1064.0,String loadTextFile(BufferedReader),
asf__commons-io_CVE-2021-29425_2.6,CVE-2021-29425,apache,commons-io,fe7543eee5cd4b2f9e78aa44c31031b68eba204d,src/test/java/org/apache/commons/io/FilenameUtilsTestCase.java,FilenameUtilsTestCase,44.0,1154.0,testNormalize_with_nullbytes,280.0,287.0,void testNormalize_with_nullbytes(),
asf__commons-io_CVE-2021-29425_2.6,CVE-2021-29425,apache,commons-io,fe7543eee5cd4b2f9e78aa44c31031b68eba204d,src/test/java/org/apache/commons/io/FilenameUtilsTestCase.java,FilenameUtilsTestCase,44.0,1154.0,testNormalize,101.0,274.0,void testNormalize(),
asf__commons-text_CVE-2022-42889_1.9,CVE-2022-42889,apache,commons-text,b9b40b903e2d1f9935039803c9852439576780ea,src/main/java/org/apache/commons/text/StringSubstitutor.java,StringSubstitutor,,,,,,,
asf__commons-text_CVE-2022-42889_1.9,CVE-2022-42889,apache,commons-text,b9b40b903e2d1f9935039803c9852439576780ea,src/main/java/org/apache/commons/text/lookup/InterpolatorStringLookup.java,InterpolatorStringLookup,31.0,150.0,InterpolatorStringLookup,70.0,78.0,"InterpolatorStringLookup(Map,StringLookup,boolean)",
asf__commons-text_CVE-2022-42889_1.9,CVE-2022-42889,apache,commons-text,b9b40b903e2d1f9935039803c9852439576780ea,src/main/java/org/apache/commons/text/lookup/InterpolatorStringLookup.java,InterpolatorStringLookup,31.0,150.0,lookup,123.0,146.0,String lookup(String),
asf__commons-text_CVE-2022-42889_1.9,CVE-2022-42889,apache,commons-text,b9b40b903e2d1f9935039803c9852439576780ea,src/main/java/org/apache/commons/text/lookup/InterpolatorStringLookup.java,InterpolatorStringLookup,31.0,150.0,toKey,43.0,44.0,String toKey(String),
asf__commons-text_CVE-2022-42889_1.9,CVE-2022-42889,apache,commons-text,b9b40b903e2d1f9935039803c9852439576780ea,src/main/java/org/apache/commons/text/lookup/StringLookupFactory.java,StringLookupFactory,185.0,1170.0,addDefaultStringLookups,445.0,449.0,void addDefaultStringLookups(Map),
asf__commons-text_CVE-2022-42889_1.9,CVE-2022-42889,apache,commons-text,b9b40b903e2d1f9935039803c9852439576780ea,src/main/java/org/apache/commons/text/lookup/StringLookupFactory.java,StringLookupFactory,185.0,1170.0,interpolatorStringLookup,742.0,743.0,StringLookup interpolatorStringLookup(),
asf__commons-text_CVE-2022-42889_1.9,CVE-2022-42889,apache,commons-text,b9b40b903e2d1f9935039803c9852439576780ea,src/main/java/org/apache/commons/text/lookup/StringLookupFactory.java,StringLookupFactory,185.0,1170.0,toMap,428.0,429.0,Map toMap(Map),
asf__commons-text_CVE-2022-42889_1.9,CVE-2022-42889,apache,commons-text,b9b40b903e2d1f9935039803c9852439576780ea,src/main/java/org/apache/commons/text/lookup/StringLookupFactory.java,StringLookupFactory,185.0,1170.0,xmlStringLookup,1170.0,1171.0,StringLookup xmlStringLookup(),
asf__commons-text_CVE-2022-42889_1.9,CVE-2022-42889,apache,commons-text,b9b40b903e2d1f9935039803c9852439576780ea,src/main/java/org/apache/commons/text/lookup/StringLookupFactory.java,StringLookupFactory,185.0,1170.0,environmentVariableStringLookup,673.0,674.0,StringLookup environmentVariableStringLookup(),
asf__commons-text_CVE-2022-42889_1.9,CVE-2022-42889,apache,commons-text,b9b40b903e2d1f9935039803c9852439576780ea,src/test/java/org/apache/commons/text/StringSubstitutorWithInterpolatorStringLookupTest.java,StringSubstitutorWithInterpolatorStringLookupTest,32.0,231.0,testDefaultValueForMissingKeyInResourceBundle,127.0,133.0,void testDefaultValueForMissingKeyInResourceBundle(),
asf__commons-text_CVE-2022-42889_1.9,CVE-2022-42889,apache,commons-text,b9b40b903e2d1f9935039803c9852439576780ea,src/test/java/org/apache/commons/text/StringSubstitutorWithInterpolatorStringLookupTest.java,StringSubstitutorWithInterpolatorStringLookupTest,32.0,231.0,testLocalHostLookup_Name,205.0,207.0,void testLocalHostLookup_Name(),
asf__commons-text_CVE-2022-42889_1.9,CVE-2022-42889,apache,commons-text,b9b40b903e2d1f9935039803c9852439576780ea,src/test/java/org/apache/commons/text/StringSubstitutorWithInterpolatorStringLookupTest.java,StringSubstitutorWithInterpolatorStringLookupTest,32.0,231.0,testDefaultInterpolator,90.0,123.0,void testDefaultInterpolator(),
asf__commons-text_CVE-2022-42889_1.9,CVE-2022-42889,apache,commons-text,b9b40b903e2d1f9935039803c9852439576780ea,src/test/java/org/apache/commons/text/StringSubstitutorWithInterpolatorStringLookupTest.java,StringSubstitutorWithInterpolatorStringLookupTest,32.0,231.0,testDnsLookupCanonicalName,152.0,157.0,void testDnsLookupCanonicalName(),
asf__commons-text_CVE-2022-42889_1.9,CVE-2022-42889,apache,commons-text,b9b40b903e2d1f9935039803c9852439576780ea,src/test/java/org/apache/commons/text/lookup/StringLookupFactoryTest.java,StringLookupFactoryTest,30.0,69.0,testSingletons,69.0,91.0,void testSingletons(),
asf__cxf_CVE-2016-6812_3.0.11,CVE-2016-6812,apache,cxf,1be97cb13aef121b799b1be4d9793c0e8b925a12,rt/transports/http/src/main/java/org/apache/cxf/transport/servlet/BaseUrlHelper.java,BaseUrlHelper,28.0,63.0,setAddress,63.0,66.0,"void setAddress(AbstractDestination,String)",
asf__cxf_CVE-2016-6812_3.0.11,CVE-2016-6812,apache,cxf,1be97cb13aef121b799b1be4d9793c0e8b925a12,rt/transports/http/src/main/java/org/apache/cxf/transport/servlet/BaseUrlHelper.java,BaseUrlHelper,28.0,63.0,getBaseURL,37.0,59.0,String getBaseURL(HttpServletRequest),
asf__cxf_CVE-2016-6812_3.0.11,CVE-2016-6812,apache,cxf,1be97cb13aef121b799b1be4d9793c0e8b925a12,rt/transports/http/src/main/java/org/apache/cxf/transport/servlet/servicelist/FormattedServiceListWriter.java,FormattedServiceListWriter,28.0,178.0,getAbsoluteAddress,123.0,136.0,"String getAbsoluteAddress(String,AbstractDestination)",
asf__cxf_CVE-2016-6812_3.0.11,CVE-2016-6812,apache,cxf,1be97cb13aef121b799b1be4d9793c0e8b925a12,rt/transports/http/src/main/java/org/apache/cxf/transport/servlet/servicelist/FormattedServiceListWriter.java,FormattedServiceListWriter,28.0,178.0,writeRESTfulEndpoints,140.0,150.0,"void writeRESTfulEndpoints(PrintWriter,String,AbstractDestination)",
asf__cxf_CVE-2016-6812_3.0.11,CVE-2016-6812,apache,cxf,1be97cb13aef121b799b1be4d9793c0e8b925a12,rt/transports/http/src/main/java/org/apache/cxf/transport/servlet/servicelist/ServiceListGeneratorServlet.java,ServiceListGeneratorServlet,43.0,200.0,service,68.0,126.0,"void service(HttpServletRequest,HttpServletResponse)",
asf__cxf_CVE-2016-6812_3.0.11,CVE-2016-6812,apache,cxf,1be97cb13aef121b799b1be4d9793c0e8b925a12,systests/jaxrs/src/test/java/org/apache/cxf/systest/jaxrs/JAXRSClientServerSpringBookTest.java,JAXRSClientServerSpringBookTest,73.0,1016.0,testGetGenericBook,85.0,92.0,void testGetGenericBook(),
asf__cxf_CVE-2016-6812_3.0.11,CVE-2016-6812,apache,cxf,1f824d8039c7a42a4aa46f844e6c800e1143c7e7,distribution/src/main/release/samples/jax_rs/spring_boot/src/main/java/sample/rs/service/SampleRestApplication.java,SampleRestApplication,35.0,44.0,rsServer,44.0,50.0,Server rsServer(),
asf__cxf_CVE-2016-6812_3.0.11,CVE-2016-6812,apache,cxf,1f824d8039c7a42a4aa46f844e6c800e1143c7e7,rt/transports/http/src/main/java/org/apache/cxf/transport/servlet/BaseUrlHelper.java,BaseUrlHelper,28.0,68.0,getBaseURL,37.0,64.0,String getBaseURL(HttpServletRequest),
asf__cxf_CVE-2016-6812_3.0.11,CVE-2016-6812,apache,cxf,1f824d8039c7a42a4aa46f844e6c800e1143c7e7,rt/transports/http/src/main/java/org/apache/cxf/transport/servlet/servicelist/ServiceListGeneratorServlet.java,ServiceListGeneratorServlet,41.0,199.0,service,66.0,125.0,"void service(HttpServletRequest,HttpServletResponse)",
asf__cxf_CVE-2016-6812_3.0.11,CVE-2016-6812,apache,cxf,1f824d8039c7a42a4aa46f844e6c800e1143c7e7,systests/jaxrs/src/test/java/org/apache/cxf/systest/jaxrs/JAXRSClientServerSpringBookTest.java,JAXRSClientServerSpringBookTest,73.0,1039.0,testEchoBookForm3,148.0,150.0,void testEchoBookForm3(),
asf__cxf_CVE-2016-6812_3.0.11,CVE-2016-6812,apache,cxf,1f824d8039c7a42a4aa46f844e6c800e1143c7e7,systests/jaxrs/src/test/java/org/apache/cxf/systest/jaxrs/JAXRSClientServerSpringBookTest.java,JAXRSClientServerSpringBookTest,73.0,1039.0,testGetServicesPageWithServletPatternMatchOnly,127.0,134.0,void testGetServicesPageWithServletPatternMatchOnly(),
asf__cxf_CVE-2016-6812_3.0.11,CVE-2016-6812,apache,cxf,32e89366e2daa5670ac7a5c5c19f0bf9329a4c1e,rt/transports/http/src/main/java/org/apache/cxf/transport/servlet/BaseUrlHelper.java,BaseUrlHelper,28.0,63.0,getBaseURL,37.0,59.0,String getBaseURL(HttpServletRequest),
asf__cxf_CVE-2016-6812_3.0.11,CVE-2016-6812,apache,cxf,32e89366e2daa5670ac7a5c5c19f0bf9329a4c1e,rt/transports/http/src/main/java/org/apache/cxf/transport/servlet/BaseUrlHelper.java,BaseUrlHelper,28.0,63.0,setAddress,63.0,66.0,"void setAddress(AbstractDestination,String)",
asf__cxf_CVE-2016-6812_3.0.11,CVE-2016-6812,apache,cxf,32e89366e2daa5670ac7a5c5c19f0bf9329a4c1e,rt/transports/http/src/main/java/org/apache/cxf/transport/servlet/servicelist/FormattedServiceListWriter.java,FormattedServiceListWriter,33.0,211.0,getAbsoluteAddress,136.0,149.0,"String getAbsoluteAddress(String,AbstractDestination)",
asf__cxf_CVE-2016-6812_3.0.11,CVE-2016-6812,apache,cxf,32e89366e2daa5670ac7a5c5c19f0bf9329a4c1e,rt/transports/http/src/main/java/org/apache/cxf/transport/servlet/servicelist/FormattedServiceListWriter.java,FormattedServiceListWriter,33.0,211.0,writeRESTfulEndpoints,153.0,163.0,"void writeRESTfulEndpoints(PrintWriter,String,AbstractDestination)",
asf__cxf_CVE-2016-6812_3.0.11,CVE-2016-6812,apache,cxf,32e89366e2daa5670ac7a5c5c19f0bf9329a4c1e,rt/transports/http/src/main/java/org/apache/cxf/transport/servlet/servicelist/ServiceListGeneratorServlet.java,ServiceListGeneratorServlet,41.0,191.0,service,66.0,117.0,"void service(HttpServletRequest,HttpServletResponse)",
asf__cxf_CVE-2016-6812_3.0.11,CVE-2016-6812,apache,cxf,32e89366e2daa5670ac7a5c5c19f0bf9329a4c1e,systests/jaxrs/src/test/java/org/apache/cxf/systest/jaxrs/JAXRSClientServerSpringBookTest.java,JAXRSClientServerSpringBookTest,73.0,1012.0,testGetGenericBook,85.0,92.0,void testGetGenericBook(),
asf__cxf_CVE-2016-6812_3.0.11,CVE-2016-6812,apache,cxf,a30397b0,rt/transports/http/src/main/java/org/apache/cxf/transport/servlet/BaseUrlHelper.java,BaseUrlHelper,28.0,68.0,getBaseURL,37.0,64.0,String getBaseURL(HttpServletRequest),
asf__cxf_CVE-2016-6812_3.0.11,CVE-2016-6812,apache,cxf,a30397b0,rt/transports/http/src/main/java/org/apache/cxf/transport/servlet/servicelist/ServiceListGeneratorServlet.java,ServiceListGeneratorServlet,43.0,208.0,service,68.0,134.0,"void service(HttpServletRequest,HttpServletResponse)",
asf__cxf_CVE-2016-6812_3.0.11,CVE-2016-6812,apache,cxf,a30397b0,systests/jaxrs/src/test/java/org/apache/cxf/systest/jaxrs/JAXRSClientServerSpringBookTest.java,JAXRSClientServerSpringBookTest,73.0,1043.0,testEchoBookForm3,148.0,150.0,void testEchoBookForm3(),
asf__cxf_CVE-2016-6812_3.0.11,CVE-2016-6812,apache,cxf,a30397b0,systests/jaxrs/src/test/java/org/apache/cxf/systest/jaxrs/JAXRSClientServerSpringBookTest.java,JAXRSClientServerSpringBookTest,73.0,1043.0,testGetServicesPageWithServletPatternMatchOnly,127.0,134.0,void testGetServicesPageWithServletPatternMatchOnly(),
asf__cxf_CVE-2019-17573_3.2.11,CVE-2019-17573,apache,cxf,a02e96ba1095596bef481919f16a90c5e80a92c8,rt/transports/http/src/main/java/org/apache/cxf/transport/servlet/servicelist/FormattedServiceListWriter.java,FormattedServiceListWriter,33.0,235.0,writeRESTfulEndpoint,165.0,186.0,"void writeRESTfulEndpoint(PrintWriter,String,AbstractDestination)",
asf__cxf_CVE-2019-17573_3.2.11,CVE-2019-17573,apache,cxf,a02e96ba1095596bef481919f16a90c5e80a92c8,rt/transports/http/src/main/java/org/apache/cxf/transport/servlet/servicelist/FormattedServiceListWriter.java,FormattedServiceListWriter,33.0,235.0,writeApiSpec,208.0,224.0,"void writeApiSpec(String,Bus,PrintWriter,String,String)",
asf__cxf_CVE-2019-17573_3.2.11,CVE-2019-17573,apache,cxf,a02e96ba1095596bef481919f16a90c5e80a92c8,rt/transports/http/src/main/java/org/apache/cxf/transport/servlet/servicelist/FormattedServiceListWriter.java,FormattedServiceListWriter,33.0,235.0,getExtensionEndpointAddress,235.0,246.0,"String getExtensionEndpointAddress(String,Map)",
asf__cxf_CVE-2019-17573_3.2.11,CVE-2019-17573,apache,cxf,a02e96ba1095596bef481919f16a90c5e80a92c8,rt/transports/http/src/main/java/org/apache/cxf/transport/servlet/servicelist/FormattedServiceListWriter.java,FormattedServiceListWriter,33.0,235.0,writerSoapEndpoint,101.0,130.0,"void writerSoapEndpoint(PrintWriter,String,AbstractDestination)",
asf__cxf_CVE-2019-17573_3.2.11,CVE-2019-17573,apache,cxf,a02e96ba1095596bef481919f16a90c5e80a92c8,rt/transports/http/src/main/java/org/apache/cxf/transport/servlet/servicelist/UnformattedServiceListWriter.java,UnformattedServiceListWriter,29.0,99.0,writeUnformattedSOAPEndpoints,57.0,69.0,"void writeUnformattedSOAPEndpoints(PrintWriter,String,AbstractDestination)",
asf__cxf_CVE-2019-17573_3.2.11,CVE-2019-17573,apache,cxf,a02e96ba1095596bef481919f16a90c5e80a92c8,rt/transports/http/src/main/java/org/apache/cxf/transport/servlet/servicelist/UnformattedServiceListWriter.java,UnformattedServiceListWriter,29.0,99.0,writeUnformattedRESTfulEndpoints,72.0,94.0,"void writeUnformattedRESTfulEndpoints(PrintWriter,String,AbstractDestination)",
asf__karaf_CVE-2022-22932_4.3.5,CVE-2022-22932,apache,karaf,36a2bc4,obr/src/main/java/org/apache/karaf/obr/command/util/FileUtil.java,FileUtil,34.0,144.0,unjar,96.0,140.0,"void unjar(JarInputStream,File)",
asf__tapestry-5_CVE-2019-0207_5.4.4,CVE-2019-0207,apache,tapestry-5,6dd7219fd4707467a36091e2f7f5f6460c619099,tapestry-ioc/src/main/java/org/apache/tapestry5/ioc/internal/util/AbstractResource.java,AbstractResource,31.0,380.0,forFile,93.0,142.0,Resource forFile(String),
codecentric__spring-boot-admin_CVE-2022-46166_2.6.9,CVE-2022-46166,codecentric,spring-boot-admin,c14c3ec12533f71f84de9ce3ce5ceb7991975f75,spring-boot-admin-server/src/main/java/de/codecentric/boot/admin/server/notify/DingTalkNotifier.java,DingTalkNotifier,48.0,148.0,getText,99.0,106.0,"Object getText(InstanceEvent,Instance)",
codecentric__spring-boot-admin_CVE-2022-46166_2.6.9,CVE-2022-46166,codecentric,spring-boot-admin,c14c3ec12533f71f84de9ce3ce5ceb7991975f75,spring-boot-admin-server/src/main/java/de/codecentric/boot/admin/server/notify/DingTalkNotifier.java,DingTalkNotifier,48.0,148.0,getSign,109.0,120.0,String getSign(Long),
codecentric__spring-boot-admin_CVE-2022-46166_2.6.9,CVE-2022-46166,codecentric,spring-boot-admin,c14c3ec12533f71f84de9ce3ce5ceb7991975f75,spring-boot-admin-server/src/main/java/de/codecentric/boot/admin/server/notify/DiscordNotifier.java,DiscordNotifier,47.0,168.0,createContent,115.0,122.0,"String createContent(InstanceEvent,Instance)",
codecentric__spring-boot-admin_CVE-2022-46166_2.6.9,CVE-2022-46166,codecentric,spring-boot-admin,c14c3ec12533f71f84de9ce3ce5ceb7991975f75,spring-boot-admin-server/src/main/java/de/codecentric/boot/admin/server/notify/HipchatNotifier.java,HipchatNotifier,47.0,182.0,buildUrl,95.0,99.0,String buildUrl(),
codecentric__spring-boot-admin_CVE-2022-46166_2.6.9,CVE-2022-46166,codecentric,spring-boot-admin,c14c3ec12533f71f84de9ce3ce5ceb7991975f75,spring-boot-admin-server/src/main/java/de/codecentric/boot/admin/server/notify/HipchatNotifier.java,HipchatNotifier,47.0,182.0,createHipChatNotification,102.0,111.0,"HttpEntity createHipChatNotification(InstanceEvent,Instance)",
codecentric__spring-boot-admin_CVE-2022-46166_2.6.9,CVE-2022-46166,codecentric,spring-boot-admin,c14c3ec12533f71f84de9ce3ce5ceb7991975f75,spring-boot-admin-server/src/main/java/de/codecentric/boot/admin/server/notify/HipchatNotifier.java,HipchatNotifier,47.0,182.0,getMessage,119.0,126.0,"String getMessage(InstanceEvent,Instance)",
codecentric__spring-boot-admin_CVE-2022-46166_2.6.9,CVE-2022-46166,codecentric,spring-boot-admin,c14c3ec12533f71f84de9ce3ce5ceb7991975f75,spring-boot-admin-server/src/main/java/de/codecentric/boot/admin/server/notify/HipchatNotifier.java,HipchatNotifier,47.0,182.0,getColor,129.0,135.0,String getColor(InstanceEvent),
codecentric__spring-boot-admin_CVE-2022-46166_2.6.9,CVE-2022-46166,codecentric,spring-boot-admin,c14c3ec12533f71f84de9ce3ce5ceb7991975f75,spring-boot-admin-server/src/main/java/de/codecentric/boot/admin/server/notify/HipchatNotifier.java,HipchatNotifier,47.0,182.0,setUrl,95.0,99.0,void setUrl(URI url),
codecentric__spring-boot-admin_CVE-2022-46166_2.6.9,CVE-2022-46166,codecentric,spring-boot-admin,c14c3ec12533f71f84de9ce3ce5ceb7991975f75,spring-boot-admin-server/src/main/java/de/codecentric/boot/admin/server/notify/HipchatNotifier.java,HipchatNotifier,47.0,182.0,setAuthToken,95.0,99.0,void setAuthToken(String authToken),
codecentric__spring-boot-admin_CVE-2022-46166_2.6.9,CVE-2022-46166,codecentric,spring-boot-admin,c14c3ec12533f71f84de9ce3ce5ceb7991975f75,spring-boot-admin-server/src/main/java/de/codecentric/boot/admin/server/notify/HipchatNotifier.java,HipchatNotifier,47.0,182.0,setRoomId,95.0,99.0,void setRoomId(String roomId),
codecentric__spring-boot-admin_CVE-2022-46166_2.6.9,CVE-2022-46166,codecentric,spring-boot-admin,c14c3ec12533f71f84de9ce3ce5ceb7991975f75,spring-boot-admin-server/src/main/java/de/codecentric/boot/admin/server/notify/HipchatNotifier.java,HipchatNotifier,47.0,182.0,setNotify,95.0,99.0,void setNotify(boolean notify),
codecentric__spring-boot-admin_CVE-2022-46166_2.6.9,CVE-2022-46166,codecentric,spring-boot-admin,c14c3ec12533f71f84de9ce3ce5ceb7991975f75,spring-boot-admin-server/src/main/java/de/codecentric/boot/admin/server/notify/HipchatNotifier.java,HipchatNotifier,47.0,182.0,setDescription,95.0,99.0,void setDescription(String description),
codecentric__spring-boot-admin_CVE-2022-46166_2.6.9,CVE-2022-46166,codecentric,spring-boot-admin,c14c3ec12533f71f84de9ce3ce5ceb7991975f75,spring-boot-admin-server/src/main/java/de/codecentric/boot/admin/server/notify/LetsChatNotifier.java,LetsChatNotifier,48.0,170.0,getText,117.0,124.0,"String getText(InstanceEvent,Instance)",
codecentric__spring-boot-admin_CVE-2022-46166_2.6.9,CVE-2022-46166,codecentric,spring-boot-admin,c14c3ec12533f71f84de9ce3ce5ceb7991975f75,spring-boot-admin-server/src/main/java/de/codecentric/boot/admin/server/notify/MicrosoftTeamsNotifier.java,MicrosoftTeamsNotifier,52.0,328.0,doNotify,142.0,166.0,"Mono doNotify(InstanceEvent,Instance)",
codecentric__spring-boot-admin_CVE-2022-46166_2.6.9,CVE-2022-46166,codecentric,spring-boot-admin,c14c3ec12533f71f84de9ce3ce5ceb7991975f75,spring-boot-admin-server/src/main/java/de/codecentric/boot/admin/server/notify/MicrosoftTeamsNotifier.java,MicrosoftTeamsNotifier,52.0,328.0,createMessage,190.0,203.0,"Message createMessage(Instance,String,String,StandardEvaluationContext)",
codecentric__spring-boot-admin_CVE-2022-46166_2.6.9,CVE-2022-46166,codecentric,spring-boot-admin,c14c3ec12533f71f84de9ce3ce5ceb7991975f75,spring-boot-admin-server/src/main/java/de/codecentric/boot/admin/server/notify/MicrosoftTeamsNotifier.java,MicrosoftTeamsNotifier,52.0,328.0,getWebhookUrl,221.0,222.0,URI getWebhookUrl(),
codecentric__spring-boot-admin_CVE-2022-46166_2.6.9,CVE-2022-46166,codecentric,spring-boot-admin,c14c3ec12533f71f84de9ce3ce5ceb7991975f75,spring-boot-admin-server/src/main/java/de/codecentric/boot/admin/server/notify/OpsGenieNotifier.java,OpsGenieNotifier,48.0,256.0,getDescription,180.0,183.0,"String getDescription(InstanceEvent,Instance)",
codecentric__spring-boot-admin_CVE-2022-46166_2.6.9,CVE-2022-46166,codecentric,spring-boot-admin,c14c3ec12533f71f84de9ce3ce5ceb7991975f75,spring-boot-admin-server/src/main/java/de/codecentric/boot/admin/server/notify/OpsGenieNotifier.java,OpsGenieNotifier,48.0,256.0,buildUrl,118.0,123.0,"String buildUrl(InstanceEvent,Instance)",
codecentric__spring-boot-admin_CVE-2022-46166_2.6.9,CVE-2022-46166,codecentric,spring-boot-admin,c14c3ec12533f71f84de9ce3ce5ceb7991975f75,spring-boot-admin-server/src/main/java/de/codecentric/boot/admin/server/notify/OpsGenieNotifier.java,OpsGenieNotifier,48.0,256.0,getMessage,199.0,200.0,String getMessage(),
codecentric__spring-boot-admin_CVE-2022-46166_2.6.9,CVE-2022-46166,codecentric,spring-boot-admin,c14c3ec12533f71f84de9ce3ce5ceb7991975f75,spring-boot-admin-server/src/main/java/de/codecentric/boot/admin/server/notify/OpsGenieNotifier.java,OpsGenieNotifier,48.0,256.0,getMessage,170.0,177.0,"String getMessage(InstanceEvent,Instance)",
codecentric__spring-boot-admin_CVE-2022-46166_2.6.9,CVE-2022-46166,codecentric,spring-boot-admin,c14c3ec12533f71f84de9ce3ce5ceb7991975f75,spring-boot-admin-server/src/main/java/de/codecentric/boot/admin/server/notify/OpsGenieNotifier.java,OpsGenieNotifier,48.0,256.0,setApiKey,170.0,177.0,,
codecentric__spring-boot-admin_CVE-2022-46166_2.6.9,CVE-2022-46166,codecentric,spring-boot-admin,c14c3ec12533f71f84de9ce3ce5ceb7991975f75,spring-boot-admin-server/src/main/java/de/codecentric/boot/admin/server/notify/PagerdutyNotifier.java,PagerdutyNotifier,45.0,193.0,getDescription,130.0,138.0,"String getDescription(InstanceEvent,Instance)",
codecentric__spring-boot-admin_CVE-2022-46166_2.6.9,CVE-2022-46166,codecentric,spring-boot-admin,c14c3ec12533f71f84de9ce3ce5ceb7991975f75,spring-boot-admin-server/src/main/java/de/codecentric/boot/admin/server/notify/PagerdutyNotifier.java,PagerdutyNotifier,45.0,193.0,setUrl,130.0,138.0,void setUrl(URI url),
codecentric__spring-boot-admin_CVE-2022-46166_2.6.9,CVE-2022-46166,codecentric,spring-boot-admin,c14c3ec12533f71f84de9ce3ce5ceb7991975f75,spring-boot-admin-server/src/main/java/de/codecentric/boot/admin/server/notify/PagerdutyNotifier.java,PagerdutyNotifier,45.0,193.0,setClient,130.0,138.0,,
codecentric__spring-boot-admin_CVE-2022-46166_2.6.9,CVE-2022-46166,codecentric,spring-boot-admin,c14c3ec12533f71f84de9ce3ce5ceb7991975f75,spring-boot-admin-server/src/main/java/de/codecentric/boot/admin/server/notify/PagerdutyNotifier.java,PagerdutyNotifier,45.0,193.0,setClientUrl,130.0,138.0,,
codecentric__spring-boot-admin_CVE-2022-46166_2.6.9,CVE-2022-46166,codecentric,spring-boot-admin,c14c3ec12533f71f84de9ce3ce5ceb7991975f75,spring-boot-admin-server/src/main/java/de/codecentric/boot/admin/server/notify/PagerdutyNotifier.java,PagerdutyNotifier,45.0,193.0,setServiceKey,130.0,138.0,,
codecentric__spring-boot-admin_CVE-2022-46166_2.6.9,CVE-2022-46166,codecentric,spring-boot-admin,c14c3ec12533f71f84de9ce3ce5ceb7991975f75,spring-boot-admin-server/src/main/java/de/codecentric/boot/admin/server/notify/PagerdutyNotifier.java,PagerdutyNotifier,45.0,193.0,setDescription,130.0,138.0,,
codecentric__spring-boot-admin_CVE-2022-46166_2.6.9,CVE-2022-46166,codecentric,spring-boot-admin,c14c3ec12533f71f84de9ce3ce5ceb7991975f75,spring-boot-admin-server/src/main/java/de/codecentric/boot/admin/server/notify/SlackNotifier.java,SlackNotifier,48.0,186.0,getText,126.0,133.0,"String getText(InstanceEvent,Instance)",
codecentric__spring-boot-admin_CVE-2022-46166_2.6.9,CVE-2022-46166,codecentric,spring-boot-admin,c14c3ec12533f71f84de9ce3ce5ceb7991975f75,spring-boot-admin-server/src/main/java/de/codecentric/boot/admin/server/notify/TelegramNotifier.java,TelegramNotifier,39.0,161.0,getText,105.0,112.0,"String getText(InstanceEvent,Instance)",
codehaus-plexus__plexus-archiver_CVE-2018-1002200_3.5,CVE-2018-1002200,codehaus-plexus,plexus-archiver,f8f4233508193b70df33759ae9dc6154d69c2ea8,src/main/java/org/codehaus/plexus/archiver/AbstractUnArchiver.java,AbstractUnArchiver,41.0,303.0,extractFile,303.0,359.0,"void extractFile(File,File,InputStream,String,Date,boolean,Integer,String)",
codehaus-plexus__plexus-archiver_CVE-2023-37460_4.7.1,CVE-2023-37460,codehaus-plexus,plexus-archiver,54759839fbdf85caf8442076f001d5fd64e0dcb2,src/main/java/org/codehaus/plexus/archiver/AbstractUnArchiver.java,AbstractUnArchiver,48.0,391.0,extractFile,274.0,331.0,"void extractFile(File,File,InputStream,String,Date,boolean,Integer,String,FileMapper)",
codehaus-plexus__plexus-archiver_CVE-2023-37460_4.7.1,CVE-2023-37460,codehaus-plexus,plexus-archiver,54759839fbdf85caf8442076f001d5fd64e0dcb2,src/test/java/org/codehaus/plexus/archiver/SymlinkTest.java,SymlinkTest,23.0,88.0,testSymlinkTar,50.0,64.0,void testSymlinkTar(),
codehaus-plexus__plexus-archiver_CVE-2023-37460_4.7.1,CVE-2023-37460,codehaus-plexus,plexus-archiver,54759839fbdf85caf8442076f001d5fd64e0dcb2,src/test/java/org/codehaus/plexus/archiver/SymlinkTest.java,SymlinkTest,23.0,88.0,testSymlinkDirArchiver,88.0,104.0,void testSymlinkDirArchiver(),
codehaus-plexus__plexus-archiver_CVE-2023-37460_4.7.1,CVE-2023-37460,codehaus-plexus,plexus-archiver,54759839fbdf85caf8442076f001d5fd64e0dcb2,src/test/java/org/codehaus/plexus/archiver/SymlinkTest.java,SymlinkTest,23.0,88.0,testSymlinkZip,68.0,83.0,void testSymlinkZip(),
codehaus-plexus__plexus-archiver_CVE-2023-37460_4.7.1,CVE-2023-37460,codehaus-plexus,plexus-archiver,54759839fbdf85caf8442076f001d5fd64e0dcb2,src/test/java/org/codehaus/plexus/archiver/zip/ZipArchiverTest.java,ZipArchiverTest,95.0,825.0,toLocalTimeZone,825.0,837.0,long toLocalTimeZone(long),
codehaus-plexus__plexus-utils_CVE-2017-1000487_3.0.15,CVE-2017-1000487,codehaus-plexus,plexus-utils,b38a1b3a4352303e4312b2bb601a0d7ec6e28f41,src/main/java/org/codehaus/plexus/util/cli/Commandline.java,Marker,234.0,252.0,getPosition,252.0,263.0,int getPosition(),
codehaus-plexus__plexus-utils_CVE-2017-1000487_3.0.15,CVE-2017-1000487,codehaus-plexus,plexus-utils,b38a1b3a4352303e4312b2bb601a0d7ec6e28f41,src/main/java/org/codehaus/plexus/util/cli/Commandline.java,Commandline,104.0,731.0,getShellCommandline,501.0,506.0,String getShellCommandline(),
codehaus-plexus__plexus-utils_CVE-2017-1000487_3.0.15,CVE-2017-1000487,codehaus-plexus,plexus-utils,b38a1b3a4352303e4312b2bb601a0d7ec6e28f41,src/main/java/org/codehaus/plexus/util/cli/Commandline.java,Commandline,104.0,731.0,getArguments,513.0,531.0,String getArguments(),
codehaus-plexus__plexus-utils_CVE-2017-1000487_3.0.15,CVE-2017-1000487,codehaus-plexus,plexus-utils,b38a1b3a4352303e4312b2bb601a0d7ec6e28f41,src/main/java/org/codehaus/plexus/util/cli/Commandline.java,Commandline,104.0,731.0,execute,618.0,659.0,Process execute(),
codehaus-plexus__plexus-utils_CVE-2017-1000487_3.0.15,CVE-2017-1000487,codehaus-plexus,plexus-utils,b38a1b3a4352303e4312b2bb601a0d7ec6e28f41,src/main/java/org/codehaus/plexus/util/cli/Commandline.java,Commandline,104.0,731.0,Commandline,144.0,162.0,"Commandline(String,Shell)",
codehaus-plexus__plexus-utils_CVE-2017-1000487_3.0.15,CVE-2017-1000487,codehaus-plexus,plexus-utils,b38a1b3a4352303e4312b2bb601a0d7ec6e28f41,src/main/java/org/codehaus/plexus/util/cli/Commandline.java,Commandline,104.0,731.0,Commandline,182.0,199.0,Commandline(String),
codehaus-plexus__plexus-utils_CVE-2017-1000487_3.0.15,CVE-2017-1000487,codehaus-plexus,plexus-utils,b38a1b3a4352303e4312b2bb601a0d7ec6e28f41,src/main/java/org/codehaus/plexus/util/cli/Commandline.java,Commandline,104.0,731.0,verifyShellState,665.0,674.0,void verifyShellState(),
codehaus-plexus__plexus-utils_CVE-2017-1000487_3.0.15,CVE-2017-1000487,codehaus-plexus,plexus-utils,b38a1b3a4352303e4312b2bb601a0d7ec6e28f41,src/main/java/org/codehaus/plexus/util/cli/Commandline.java,Commandline,104.0,731.0,translateCommandline,708.0,711.0,String translateCommandline(String),
codehaus-plexus__plexus-utils_CVE-2017-1000487_3.0.15,CVE-2017-1000487,codehaus-plexus,plexus-utils,b38a1b3a4352303e4312b2bb601a0d7ec6e28f41,src/main/java/org/codehaus/plexus/util/cli/shell/BourneShell.java,BourneShell,29.0,157.0,BourneShell,55.0,67.0,BourneShell(boolean),
codehaus-plexus__plexus-utils_CVE-2017-1000487_3.0.15,CVE-2017-1000487,codehaus-plexus,plexus-utils,b38a1b3a4352303e4312b2bb601a0d7ec6e28f41,src/main/java/org/codehaus/plexus/util/cli/shell/BourneShell.java,BourneShell,29.0,157.0,getShellArgs,97.0,115.0,String getShellArgs(),
codehaus-plexus__plexus-utils_CVE-2017-1000487_3.0.15,CVE-2017-1000487,codehaus-plexus,plexus-utils,b38a1b3a4352303e4312b2bb601a0d7ec6e28f41,src/main/java/org/codehaus/plexus/util/cli/shell/Shell.java,Shell,40.0,405.0,setQuotedArgumentsEnabled,297.0,299.0,void setQuotedArgumentsEnabled(boolean),
codehaus-plexus__plexus-utils_CVE-2017-1000487_3.0.15,CVE-2017-1000487,codehaus-plexus,plexus-utils,b38a1b3a4352303e4312b2bb601a0d7ec6e28f41,src/main/java/org/codehaus/plexus/util/cli/shell/Shell.java,Shell,40.0,405.0,getExecutionPreamble,185.0,187.0,String getExecutionPreamble(),
codehaus-plexus__plexus-utils_CVE-2017-1000487_3.0.15,CVE-2017-1000487,codehaus-plexus,plexus-utils,b38a1b3a4352303e4312b2bb601a0d7ec6e28f41,src/main/java/org/codehaus/plexus/util/cli/shell/Shell.java,Shell,40.0,405.0,getRawCommandLine,132.0,177.0,"List getRawCommandLine(String,String)",
codehaus-plexus__plexus-utils_CVE-2017-1000487_3.0.15,CVE-2017-1000487,codehaus-plexus,plexus-utils,b38a1b3a4352303e4312b2bb601a0d7ec6e28f41,src/main/java/org/codehaus/plexus/util/cli/shell/Shell.java,Shell,40.0,405.0,getEscapeChars,190.0,206.0,"char getEscapeChars(boolean,boolean)",
codehaus-plexus__plexus-utils_CVE-2017-1000487_3.0.15,CVE-2017-1000487,codehaus-plexus,plexus-utils,b38a1b3a4352303e4312b2bb601a0d7ec6e28f41,src/test/java/org/codehaus/plexus/util/cli/CommandlineTest.java,CommandlineTest,36.0,621.0,testGetShellCommandLineNonWindows,322.0,344.0,void testGetShellCommandLineNonWindows(),
codehaus-plexus__plexus-utils_CVE-2017-1000487_3.0.15,CVE-2017-1000487,codehaus-plexus,plexus-utils,b38a1b3a4352303e4312b2bb601a0d7ec6e28f41,src/test/java/org/codehaus/plexus/util/cli/CommandlineTest.java,CommandlineTest,36.0,621.0,testQuotedPathWithSingleApostrophe,380.0,387.0,void testQuotedPathWithSingleApostrophe(),
codehaus-plexus__plexus-utils_CVE-2017-1000487_3.0.15,CVE-2017-1000487,codehaus-plexus,plexus-utils,b38a1b3a4352303e4312b2bb601a0d7ec6e28f41,src/test/java/org/codehaus/plexus/util/cli/CommandlineTest.java,CommandlineTest,36.0,621.0,testGetShellCommandLineBash_WithSingleQuotedArg,299.0,319.0,void testGetShellCommandLineBash_WithSingleQuotedArg(),
codehaus-plexus__plexus-utils_CVE-2017-1000487_3.0.15,CVE-2017-1000487,codehaus-plexus,plexus-utils,b38a1b3a4352303e4312b2bb601a0d7ec6e28f41,src/test/java/org/codehaus/plexus/util/cli/CommandlineTest.java,CommandlineTest,36.0,621.0,testQuotedPathWithQuotationMark,395.0,408.0,void testQuotedPathWithQuotationMark(),
codehaus-plexus__plexus-utils_CVE-2017-1000487_3.0.15,CVE-2017-1000487,codehaus-plexus,plexus-utils,b38a1b3a4352303e4312b2bb601a0d7ec6e28f41,src/test/java/org/codehaus/plexus/util/cli/CommandlineTest.java,CommandlineTest,36.0,621.0,testGetShellCommandLineBash_WithWorkingDirectory,267.0,292.0,void testGetShellCommandLineBash_WithWorkingDirectory(),
codehaus-plexus__plexus-utils_CVE-2017-1000487_3.0.15,CVE-2017-1000487,codehaus-plexus,plexus-utils,b38a1b3a4352303e4312b2bb601a0d7ec6e28f41,src/test/java/org/codehaus/plexus/util/cli/CommandlineTest.java,CommandlineTest,36.0,621.0,testGetShellCommandLineBash,240.0,260.0,void testGetShellCommandLineBash(),
codehaus-plexus__plexus-utils_CVE-2017-1000487_3.0.15,CVE-2017-1000487,codehaus-plexus,plexus-utils,b38a1b3a4352303e4312b2bb601a0d7ec6e28f41,src/test/java/org/codehaus/plexus/util/cli/shell/BourneShellTest.java,BourneShellTest,27.0,176.0,testQuoteWorkingDirectoryAndExecutable_WDPathWithSingleQuotes_BackslashFileSep,60.0,69.0,void testQuoteWorkingDirectoryAndExecutable_WDPathWithSingleQuotes_BackslashFileSep(),
codehaus-plexus__plexus-utils_CVE-2017-1000487_3.0.15,CVE-2017-1000487,codehaus-plexus,plexus-utils,b38a1b3a4352303e4312b2bb601a0d7ec6e28f41,src/test/java/org/codehaus/plexus/util/cli/shell/BourneShellTest.java,BourneShellTest,27.0,176.0,testQuoteWorkingDirectoryAndExecutable_WDPathWithSingleQuotes,48.0,57.0,void testQuoteWorkingDirectoryAndExecutable_WDPathWithSingleQuotes(),
codehaus-plexus__plexus-utils_CVE-2017-1000487_3.0.15,CVE-2017-1000487,codehaus-plexus,plexus-utils,b38a1b3a4352303e4312b2bb601a0d7ec6e28f41,src/test/java/org/codehaus/plexus/util/cli/shell/BourneShellTest.java,BourneShellTest,27.0,176.0,testBourneShellQuotingCharacters,176.0,210.0,void testBourneShellQuotingCharacters(),
codehaus-plexus__plexus-utils_CVE-2017-1000487_3.0.15,CVE-2017-1000487,codehaus-plexus,plexus-utils,b38a1b3a4352303e4312b2bb601a0d7ec6e28f41,src/test/java/org/codehaus/plexus/util/cli/shell/BourneShellTest.java,BourneShellTest,27.0,176.0,testArgumentsWithsemicolon,120.0,173.0,void testArgumentsWithsemicolon(),
codehaus-plexus__plexus-utils_CVE-2017-1000487_3.0.15,CVE-2017-1000487,codehaus-plexus,plexus-utils,b38a1b3a4352303e4312b2bb601a0d7ec6e28f41,src/test/java/org/codehaus/plexus/util/cli/shell/BourneShellTest.java,BourneShellTest,27.0,176.0,testEscapeSingleQuotesOnArgument,104.0,117.0,void testEscapeSingleQuotesOnArgument(),
codehaus-plexus__plexus-utils_CVE-2017-1000487_3.0.15,CVE-2017-1000487,codehaus-plexus,plexus-utils,b38a1b3a4352303e4312b2bb601a0d7ec6e28f41,src/test/java/org/codehaus/plexus/util/cli/shell/BourneShellTest.java,BourneShellTest,27.0,176.0,testPreserveSingleQuotesOnArgument,72.0,85.0,void testPreserveSingleQuotesOnArgument(),
codehaus-plexus__plexus-utils_CVE-2017-1000487_3.0.15,CVE-2017-1000487,codehaus-plexus,plexus-utils,b38a1b3a4352303e4312b2bb601a0d7ec6e28f41,src/test/java/org/codehaus/plexus/util/cli/shell/BourneShellTest.java,BourneShellTest,27.0,176.0,testQuoteWorkingDirectoryAndExecutable,36.0,45.0,void testQuoteWorkingDirectoryAndExecutable(),
codehaus-plexus__plexus-utils_CVE-2022-4244_3.0.23,CVE-2022-4244,codehaus-plexus,plexus-utils,33a2853df8185b4519b1b8bfae284f03392618ef,src/main/java/org/codehaus/plexus/util/Expand.java,Expand,77.0,209.0,extractFile,134.0,179.0,"void extractFile(File,File,InputStream,String,Date,boolean)",
diffplug__goomph_CVE-2022-26049_3.37.1,CVE-2022-26049,diffplug,goomph,25f04f67ba62d9a14104bee13a0a0f2517afb8c8,src/main/java/com/diffplug/gradle/ZipMisc.java,ZipMisc,47.0,176.0,unzip,176.0,186.0,"void unzip(File,File)",
dromara__hutool_CVE-2018-17297_4.1.11,CVE-2018-17297,dromara,hutool,8d7d0b7fb5ea4f7447b40131bffc1ec506a6528e,hutool-core/src/main/java/cn/hutool/core/io/FileUtil.java,FileUtil,64.0,3222.0,file,323.0,325.0,"File file(String,String)",
dromara__hutool_CVE-2018-17297_4.1.11,CVE-2018-17297,dromara,hutool,8d7d0b7fb5ea4f7447b40131bffc1ec506a6528e,hutool-core/src/main/java/cn/hutool/core/io/FileUtil.java,FileUtil,64.0,3222.0,file,335.0,342.0,"File file(File,String)",
dromara__hutool_CVE-2018-17297_4.1.11,CVE-2018-17297,dromara,hutool,8d7d0b7fb5ea4f7447b40131bffc1ec506a6528e,hutool-core/src/main/java/cn/hutool/core/io/FileUtil.java,FileUtil,64.0,3222.0,file,353.0,366.0,"File file(File,String...)",
dromara__hutool_CVE-2018-17297_4.1.11,CVE-2018-17297,dromara,hutool,8d7d0b7fb5ea4f7447b40131bffc1ec506a6528e,hutool-core/src/main/java/cn/hutool/core/io/FileUtil.java,FileUtil,64.0,3222.0,file,376.0,390.0,File file(String...),
dromara__hutool_CVE-2018-17297_4.1.11,CVE-2018-17297,dromara,hutool,8d7d0b7fb5ea4f7447b40131bffc1ec506a6528e,hutool-core/src/main/java/cn/hutool/core/util/ZipUtil.java,ZipUtil,33.0,843.0,unzip,378.0,404.0,"File unzip(File,File,Charset)",
ff4j__ff4j_CVE-2022-44262_1.8.13,CVE-2022-44262,ff4j,ff4j,62d03140f3bfbd380d0f4b4e5a94dcb8baa9d9c6,ff4j-config-properties/src/main/java/org/ff4j/parser/properties/PropertiesParser.java,PropertiesParser,49.0,276.0,parseFeatures,276.0,333.0,"void parseFeatures(FF4jConfiguration,Map)",
ff4j__ff4j_CVE-2022-44262_1.8.13,CVE-2022-44262,ff4j,ff4j,62d03140f3bfbd380d0f4b4e5a94dcb8baa9d9c6,ff4j-config-properties/src/main/java/org/ff4j/parser/properties/PropertiesParser.java,PropertiesParser,49.0,276.0,parseProperties,213.0,265.0,"Map parseProperties(String,Map)",
ff4j__ff4j_CVE-2022-44262_1.8.13,CVE-2022-44262,ff4j,ff4j,62d03140f3bfbd380d0f4b4e5a94dcb8baa9d9c6,ff4j-config-properties/src/test/java/org/ff4j/parser/properties/PropertiesParserTest.java,PropertiesParserTest,33.0,51.0,importProperties_should_be_same_asXMLImport,51.0,79.0,void importProperties_should_be_same_asXMLImport(),
ff4j__ff4j_CVE-2022-44262_1.8.13,CVE-2022-44262,ff4j,ff4j,62d03140f3bfbd380d0f4b4e5a94dcb8baa9d9c6,ff4j-config-properties/src/test/java/org/ff4j/parser/properties/PropertiesParserTest.java,PropertiesParserTest,33.0,51.0,should_export_anyConfig_asProperties,41.0,47.0,void should_export_anyConfig_asProperties(),
ff4j__ff4j_CVE-2022-44262_1.8.13,CVE-2022-44262,ff4j,ff4j,62d03140f3bfbd380d0f4b4e5a94dcb8baa9d9c6,ff4j-config-properties/src/test/java/org/ff4j/parser/properties/PropertiesParserTest.java,PropertiesParserTest,33.0,51.0,propertiesFile_shouldExist,36.0,37.0,void propertiesFile_shouldExist(),
ff4j__ff4j_CVE-2022-44262_1.8.13,CVE-2022-44262,ff4j,ff4j,62d03140f3bfbd380d0f4b4e5a94dcb8baa9d9c6,ff4j-config-yaml/src/main/java/org/ff4j/parser/yaml/YamlParser.java,YamlParser,50.0,328.0,parseProperties,147.0,202.0,Map parseProperties(List),
ff4j__ff4j_CVE-2022-44262_1.8.13,CVE-2022-44262,ff4j,ff4j,62d03140f3bfbd380d0f4b4e5a94dcb8baa9d9c6,ff4j-config-yaml/src/main/java/org/ff4j/parser/yaml/YamlParser.java,YamlParser,50.0,328.0,parseFlipStrategy,250.0,266.0,"FlippingStrategy parseFlipStrategy(Feature,Map)",
ff4j__ff4j_CVE-2022-44262_1.8.13,CVE-2022-44262,ff4j,ff4j,62d03140f3bfbd380d0f4b4e5a94dcb8baa9d9c6,ff4j-config-yaml/src/test/java/org/ff4j/parser/yaml/YamlParserTest.java,YamlParserTest,33.0,51.0,yamlFile_shouldExist,36.0,37.0,void yamlFile_shouldExist(),
ff4j__ff4j_CVE-2022-44262_1.8.13,CVE-2022-44262,ff4j,ff4j,62d03140f3bfbd380d0f4b4e5a94dcb8baa9d9c6,ff4j-config-yaml/src/test/java/org/ff4j/parser/yaml/YamlParserTest.java,YamlParserTest,33.0,51.0,importYaml_should_be_same_asXMLImport,51.0,79.0,void importYaml_should_be_same_asXMLImport(),
ff4j__ff4j_CVE-2022-44262_1.8.13,CVE-2022-44262,ff4j,ff4j,62d03140f3bfbd380d0f4b4e5a94dcb8baa9d9c6,ff4j-core/src/main/java/org/ff4j/conf/XmlParser.java,XmlParser,55.0,704.0,parsePropertiesTag,358.0,420.0,Map parsePropertiesTag(Element),
ff4j__ff4j_CVE-2022-44262_1.8.13,CVE-2022-44262,ff4j,ff4j,62d03140f3bfbd380d0f4b4e5a94dcb8baa9d9c6,ff4j-core/src/main/java/org/ff4j/conf/XmlParser.java,XmlParser,55.0,704.0,parseFlipStrategy,432.0,476.0,"FlippingStrategy parseFlipStrategy(Element,String)",
ff4j__ff4j_CVE-2022-44262_1.8.13,CVE-2022-44262,ff4j,ff4j,62d03140f3bfbd380d0f4b4e5a94dcb8baa9d9c6,ff4j-core/src/main/java/org/ff4j/property/util/PropertyFactory.java,PropertyFactory,54.0,158.0,createProperty,158.0,179.0,"Property createProperty(String,String,String,String,Set)",
ff4j__ff4j_CVE-2022-44262_1.8.13,CVE-2022-44262,ff4j,ff4j,62d03140f3bfbd380d0f4b4e5a94dcb8baa9d9c6,ff4j-core/src/main/java/org/ff4j/utils/MappingUtil.java,MappingUtil,50.0,192.0,instanceFlippingStrategy,181.0,188.0,"FlippingStrategy instanceFlippingStrategy(String,String,Map)",
ff4j__ff4j_CVE-2022-44262_1.8.13,CVE-2022-44262,ff4j,ff4j,62d03140f3bfbd380d0f4b4e5a94dcb8baa9d9c6,ff4j-core/src/test/java/org/ff4j/test/parser/XmlParserTest.java,XmlParserTest,37.0,140.0,testParsingFeatureInvalidTag,83.0,84.0,void testParsingFeatureInvalidTag(),
ff4j__ff4j_CVE-2022-44262_1.8.13,CVE-2022-44262,ff4j,ff4j,62d03140f3bfbd380d0f4b4e5a94dcb8baa9d9c6,ff4j-core/src/test/java/org/ff4j/test/parser/XmlParserTest.java,XmlParserTest,37.0,140.0,testParseXMLWithSpecialCharacters,108.0,136.0,void testParseXMLWithSpecialCharacters(),
ff4j__ff4j_CVE-2022-44262_1.8.13,CVE-2022-44262,ff4j,ff4j,62d03140f3bfbd380d0f4b4e5a94dcb8baa9d9c6,ff4j-core/src/test/java/org/ff4j/test/property/PropertyFactoryTest.java,PropertyFactoryTest,39.0,110.0,testPropertyFactory9,99.0,100.0,void testPropertyFactory9(),
ff4j__ff4j_CVE-2022-44262_1.8.13,CVE-2022-44262,ff4j,ff4j,62d03140f3bfbd380d0f4b4e5a94dcb8baa9d9c6,ff4j-core/src/test/java/org/ff4j/test/utils/MappingUtilsTest.java,MappingUtilsTest,46.0,144.0,testIntanciateInvalidFlippingStrategy,81.0,82.0,void testIntanciateInvalidFlippingStrategy(),
ff4j__ff4j_CVE-2022-44262_1.8.13,CVE-2022-44262,ff4j,ff4j,62d03140f3bfbd380d0f4b4e5a94dcb8baa9d9c6,ff4j-core/src/test/java/org/ff4j/test/utils/MappingUtilsTest.java,MappingUtilsTest,46.0,144.0,testAssert4,96.0,97.0,void testAssert4(),
ff4j__ff4j_CVE-2022-44262_1.8.13,CVE-2022-44262,ff4j,ff4j,62d03140f3bfbd380d0f4b4e5a94dcb8baa9d9c6,ff4j-web/src/main/java/org/ff4j/web/embedded/ConsoleOperations.java,ConsoleOperations,72.0,438.0,createFeature,85.0,150.0,"void createFeature(FF4j,HttpServletRequest)",
ff4j__ff4j_CVE-2022-44262_1.8.13,CVE-2022-44262,ff4j,ff4j,62d03140f3bfbd380d0f4b4e5a94dcb8baa9d9c6,ff4j-web/src/main/java/org/ff4j/web/embedded/ConsoleOperations.java,ConsoleOperations,72.0,438.0,updateFlippingStrategy,244.0,270.0,"void updateFlippingStrategy(Feature,String,String)",
folio-org__spring-module-core_CVE-2022-4963_2.0.0,CVE-2022-4963,folio-org,spring-module-core,d374a5f77e6b58e36f0e0e4419be18b95edcd7ff,tenant/src/main/java/org/folio/spring/tenant/hibernate/HibernateSchemaService.java,HibernateSchemaService,47.0,233.0,schemaExists,179.0,188.0,"private boolean schemaExists(Connection connection, String schema) throws SQLException",
folio-org__spring-module-core_CVE-2022-4963_2.0.0,CVE-2022-4963,folio-org,spring-module-core,d374a5f77e6b58e36f0e0e4419be18b95edcd7ff,tenant/src/main/java/org/folio/spring/tenant/service/SchemaService.java,SchemaService,8.0,17.0,getSchema,13.0,14.0,public String getSchema(String tenant),
jenkinsci__perfecto-plugin_CVE-2020-2261_1.17,CVE-2020-2261,jenkinsci,perfecto-plugin,52c09ad2e26416211e4009b095c4f16508b27b8a,src/main/java/io/plugins/perfecto/PerfectoBuildWrapper.java,PerfectoBuildWrapper,55.0,442.0,getTunnelId,151.0,193.0,"String getTunnelId(String,String,String,BuildListener)",
jenkinsci__perfecto-plugin_CVE-2020-2261_1.17,CVE-2020-2261,jenkinsci,perfecto-plugin,52c09ad2e26416211e4009b095c4f16508b27b8a,src/main/java/io/plugins/perfecto/PerfectoBuildWrapper.java,PerfectoBuildWrapper,55.0,442.0,setUp,205.0,249.0,"Environment setUp(AbstractBuild,Launcher,BuildListener,Map,AbstractBuild,BuildListener)",
jenkinsci__perfecto-plugin_CVE-2020-2261_1.17,CVE-2020-2261,jenkinsci,perfecto-plugin,52c09ad2e26416211e4009b095c4f16508b27b8a,src/main/java/io/plugins/perfecto/PerfectoBuildWrapper.java,PerfectoBuildWrapper,55.0,442.0,PerfectoBuildWrapper,130.0,148.0,"PerfectoBuildWrapper(RunCondition,String,String,String,String,String,String,String)",
jenkinsci__perfecto-plugin_CVE-2020-2261_1.17,CVE-2020-2261,jenkinsci,perfecto-plugin,52c09ad2e26416211e4009b095c4f16508b27b8a,src/main/java/io/plugins/perfecto/credentials/PerfectoCredentials.java,DescriptorImpl,182.0,222.0,doCheckUserName,222.0,227.0,FormValidation doCheckUserName(String),
jenkinsci__perfecto-plugin_CVE-2020-2261_1.17,CVE-2020-2261,jenkinsci,perfecto-plugin,52c09ad2e26416211e4009b095c4f16508b27b8a,src/main/java/io/plugins/perfecto/credentials/PerfectoCredentials.java,DescriptorImpl,182.0,222.0,doAuthenticate,195.0,200.0,"FormValidation doAuthenticate(String,String,String)",
jenkinsci__perfecto-plugin_CVE-2020-2261_1.17,CVE-2020-2261,jenkinsci,perfecto-plugin,52c09ad2e26416211e4009b095c4f16508b27b8a,src/main/java/io/plugins/perfecto/credentials/PerfectoCredentials.java,PerfectoCredentials,59.0,330.0,migrateToCredentials,231.0,273.0,"String migrateToCredentials(String,String,String,String)",
jenkinsci__perfecto-plugin_CVE-2020-2261_1.17,CVE-2020-2261,jenkinsci,perfecto-plugin,52c09ad2e26416211e4009b095c4f16508b27b8a,src/main/java/io/plugins/perfecto/credentials/PerfectoCredentials.java,PerfectoCredentials,59.0,330.0,getPassword,138.0,159.0,Secret getPassword(),
jenkinsci__perfecto-plugin_CVE-2020-2261_1.17,CVE-2020-2261,jenkinsci,perfecto-plugin,52c09ad2e26416211e4009b095c4f16508b27b8a,src/main/java/io/plugins/perfecto/credentials/PerfectoCredentials.java,DescriptorImpl,182.0,222.0,doCheckApiKey,213.0,218.0,FormValidation doCheckApiKey(String),
jenkinsci__perfecto-plugin_CVE-2020-2261_1.17,CVE-2020-2261,jenkinsci,perfecto-plugin,52c09ad2e26416211e4009b095c4f16508b27b8a,src/main/java/io/plugins/perfecto/credentials/PerfectoCredentials.java,PerfectoCredentials,59.0,330.0,PerfectoCredentials,76.0,81.0,"PerfectoCredentials(CredentialsScope,String,String,String,String,String)",
jenkinsci__script-security-plugin_CVE-2023-24422_1228.vd93135a_2fb_25,CVE-2023-24422,jenkinsci,script-security-plugin,4880bbe905a6783d80150c8b881d0127430d4a73,src/main/java/org/jenkinsci/plugins/scriptsecurity/sandbox/groovy/SandboxInterceptor.java,SandboxInterceptor,69.0,578.0,onNewInstance,170.0,179.0,"Object onNewInstance(GroovyInterceptor,Class,Object)",
jenkinsci__script-security-plugin_CVE-2023-24422_1228.vd93135a_2fb_25,CVE-2023-24422,jenkinsci,script-security-plugin,4880bbe905a6783d80150c8b881d0127430d4a73,src/test/java/org/jenkinsci/plugins/scriptsecurity/sandbox/groovy/SandboxInterceptorTest.java,SandboxInterceptorTest,93.0,1719.0,groovyInterceptable,1380.0,1393.0,void groovyInterceptable(),
jenkinsci__script-security-plugin_CVE-2023-24422_1228.vd93135a_2fb_25,CVE-2023-24422,jenkinsci,script-security-plugin,4880bbe905a6783d80150c8b881d0127430d4a73,src/test/java/org/jenkinsci/plugins/scriptsecurity/sandbox/groovy/SandboxInterceptorTest.java,SandboxInterceptorTest,93.0,1719.0,unsafeReturnValue,1397.0,1413.0,void unsafeReturnValue(),
jenkinsci__script-security-plugin_CVE-2023-24422_1228.vd93135a_2fb_25,CVE-2023-24422,jenkinsci,script-security-plugin,4880bbe905a6783d80150c8b881d0127430d4a73,src/test/java/org/jenkinsci/plugins/scriptsecurity/sandbox/groovy/SandboxInterceptorTest.java,SandboxInterceptorTest,93.0,1719.0,primitiveTypes,676.0,688.0,void primitiveTypes(),
jeremylong__DependencyCheck_CVE-2018-12036_3.1.2,CVE-2018-12036,jeremylong,DependencyCheck,c106ca919aa343b95cca0ffff0a0b5dc20b2baf7,core/src/main/java/org/owasp/dependencycheck/analyzer/ArchiveAnalyzer.java,ArchiveAnalyzer,67.0,615.0,extractFiles,380.0,442.0,"void extractFiles(File,File,Engine)",
jeremylong__DependencyCheck_CVE-2018-12036_3.1.2,CVE-2018-12036,jeremylong,DependencyCheck,c106ca919aa343b95cca0ffff0a0b5dc20b2baf7,core/src/main/java/org/owasp/dependencycheck/analyzer/ArchiveAnalyzer.java,ArchiveAnalyzer,67.0,615.0,extractArchive,512.0,529.0,"void extractArchive(ArchiveInputStream,File,Engine)",
jeremylong__DependencyCheck_CVE-2018-12036_3.1.2,CVE-2018-12036,jeremylong,DependencyCheck,c106ca919aa343b95cca0ffff0a0b5dc20b2baf7,core/src/main/java/org/owasp/dependencycheck/utils/ExtractionUtil.java,ExtractionUtil,48.0,244.0,extractFiles,85.0,121.0,"void extractFiles(File,File,Engine)",
jeremylong__DependencyCheck_CVE-2018-12036_3.1.2,CVE-2018-12036,jeremylong,DependencyCheck,c106ca919aa343b95cca0ffff0a0b5dc20b2baf7,core/src/main/java/org/owasp/dependencycheck/utils/ExtractionUtil.java,ExtractionUtil,48.0,244.0,extractGzip,244.0,262.0,void extractGzip(File),
jeremylong__DependencyCheck_CVE-2018-12036_3.1.2,CVE-2018-12036,jeremylong,DependencyCheck,c106ca919aa343b95cca0ffff0a0b5dc20b2baf7,core/src/main/java/org/owasp/dependencycheck/utils/ExtractionUtil.java,ExtractionUtil,48.0,244.0,extractArchive,161.0,182.0,"void extractArchive(ArchiveInputStream,File,FilenameFilter)",
jmrozanec__cron-utils_CVE-2021-41269_9.1.5,CVE-2021-41269,jmrozanec,cron-utils,cfd2880f80e62ea74b92fa83474c2aabdb9899da,src/main/java/com/cronutils/parser/CronParser.java,CronParser,32.0,84.0,parse,84.0,131.0,Cron parse(String),
jmrozanec__cron-utils_CVE-2021-41269_9.1.5,CVE-2021-41269,jmrozanec,cron-utils,cfd2880f80e62ea74b92fa83474c2aabdb9899da,src/test/java/com/cronutils/Issue418Test.java,Issue418Test,19.0,67.0,testInvalidWeekDayStart,55.0,62.0,void testInvalidWeekDayStart(),
jmrozanec__cron-utils_CVE-2021-41269_9.1.5,CVE-2021-41269,jmrozanec,cron-utils,cfd2880f80e62ea74b92fa83474c2aabdb9899da,src/test/java/com/cronutils/Issue418Test.java,Issue418Test,19.0,67.0,testInvalidWeekDayEnd,67.0,74.0,void testInvalidWeekDayEnd(),
jmrozanec__cron-utils_CVE-2021-41269_9.1.5,CVE-2021-41269,jmrozanec,cron-utils,cfd2880f80e62ea74b92fa83474c2aabdb9899da,src/test/java/com/cronutils/parser/CronParserQuartzIntegrationTest.java,CronParserQuartzIntegrationTest,34.0,333.0,testMissingExpressionAndInvalidCharsInErrorMessage,248.0,254.0,void testMissingExpressionAndInvalidCharsInErrorMessage(),
jmrozanec__cron-utils_CVE-2021-41269_9.1.5,CVE-2021-41269,jmrozanec,cron-utils,cfd2880f80e62ea74b92fa83474c2aabdb9899da,src/test/java/com/cronutils/validation/CronValidatorTest.java,CronValidatorTest,17.0,57.0,CronValidatorTest,24.0,26.0,"CronValidatorTest(String,boolean)",
jmrozanec__cron-utils_CVE-2021-41269_9.1.5,CVE-2021-41269,jmrozanec,cron-utils,d6707503ec2f20947f79e38f861dba93b39df9da,src/main/java/com/cronutils/validation/CronValidator.java,CronValidator,11.0,21.0,isValid,21.0,34.0,"boolean isValid(String,ConstraintValidatorContext)",
joniles__mpxj_CVE-2020-35460_8.3.4,CVE-2020-35460,joniles,mpxj,8eaf4225048ea5ba7e59ef4556dab2098fcc4a1d,src/main/java/net/sf/mpxj/common/InputStreamHelper.java,InputStreamHelper,37.0,115.0,processZipStream,115.0,146.0,"void processZipStream(File,InputStream)",
kubernetes-client__java_CVE-2020-8570_client-java-parent-9.0.1,CVE-2020-8570,kubernetes-client,java,858316ae8bc1145005a0310e1f65f95d2389a589,util/src/main/java/io/kubernetes/client/Copy.java,Copy,45.0,385.0,copyDirectoryFromPod,142.0,196.0,"void copyDirectoryFromPod(String,String,String,String,Path,boolean)",
nahsra__antisamy_CVE-2022-28367_1.6.5,CVE-2022-28367,nahsra,antisamy,0199e7e194dba5e7d7197703f43ebe22401e61ae,src/main/java/org/owasp/validator/html/scan/AntiSamyDOMScanner.java,AntiSamyDOMScanner,70.0,783.0,processStyleTag,403.0,446.0,"boolean processStyleTag(Element,Node)",
nahsra__antisamy_CVE-2022-28367_1.6.5,CVE-2022-28367,nahsra,antisamy,0199e7e194dba5e7d7197703f43ebe22401e61ae,src/test/java/org/owasp/validator/html/test/AntiSamyTest.java,AntiSamyTest,87.0,1693.0,testGithubIssue151,1693.0,1703.0,void testGithubIssue151(),
perwendel__spark_CVE-2016-9177_2.5.1,CVE-2016-9177,perwendel,spark,efcb46c710e3f56805b9257a63d1306882f4faf9,src/main/java/spark/resource/ClassPathResourceHandler.java,ClassPathResourceHandler,31.0,60.0,getResource,60.0,87.0,AbstractFileResolvingResource getResource(String),
perwendel__spark_CVE-2016-9177_2.5.1,CVE-2016-9177,perwendel,spark,efcb46c710e3f56805b9257a63d1306882f4faf9,src/main/java/spark/resource/ExternalResourceHandler.java,ExternalResourceHandler,31.0,59.0,getResource,59.0,86.0,AbstractFileResolvingResource getResource(String),
perwendel__spark_CVE-2016-9177_2.5.1,CVE-2016-9177,perwendel,spark,efcb46c710e3f56805b9257a63d1306882f4faf9,src/main/java/spark/staticfiles/StaticFilesConfiguration.java,StaticFilesConfiguration,49.0,248.0,consumeWithFileResourceHandlers,85.0,106.0,"boolean consumeWithFileResourceHandlers(HttpServletRequest,HttpServletResponse)",
perwendel__spark_CVE-2016-9177_2.5.1,CVE-2016-9177,perwendel,spark,efcb46c710e3f56805b9257a63d1306882f4faf9,src/main/java/spark/staticfiles/StaticFilesConfiguration.java,StaticFilesConfiguration,49.0,248.0,configure,155.0,180.0,void configure(String),
perwendel__spark_CVE-2016-9177_2.5.1,CVE-2016-9177,perwendel,spark,efcb46c710e3f56805b9257a63d1306882f4faf9,src/main/java/spark/staticfiles/StaticFilesConfiguration.java,StaticFilesConfiguration,49.0,248.0,setExpireTimeSeconds,239.0,241.0,void setExpireTimeSeconds(long),
perwendel__spark_CVE-2016-9177_2.5.1,CVE-2016-9177,perwendel,spark,efcb46c710e3f56805b9257a63d1306882f4faf9,src/main/java/spark/staticfiles/StaticFilesConfiguration.java,StaticFilesConfiguration,49.0,248.0,configureJarCase,185.0,203.0,"boolean configureJarCase(String,ClassPathResource)",
perwendel__spark_CVE-2016-9177_2.5.1,CVE-2016-9177,perwendel,spark,efcb46c710e3f56805b9257a63d1306882f4faf9,src/main/java/spark/utils/StringUtils.java,StringUtils,45.0,376.0,toString,376.0,390.0,"String toString(byte,String)",
perwendel__spark_CVE-2016-9177_2.5.1,CVE-2016-9177,perwendel,spark,efcb46c710e3f56805b9257a63d1306882f4faf9,src/test/java/spark/StaticFilesTest.java,StaticFilesTest,42.0,166.0,testCustomMimeType,107.0,109.0,void testCustomMimeType(),
perwendel__spark_CVE-2018-9159_2.7.1,CVE-2018-9159,perwendel,spark,030e9d00125cbd1ad759668f85488aba1019c668,src/main/java/spark/resource/ClassPathResource.java,ClassPathResource,41.0,252.0,ClassPathResource,75.0,86.0,"ClassPathResource(String,ClassLoader)",
perwendel__spark_CVE-2018-9159_2.7.1,CVE-2018-9159,perwendel,spark,030e9d00125cbd1ad759668f85488aba1019c668,src/main/java/spark/resource/ClassPathResource.java,ClassPathResource,41.0,252.0,getPath,112.0,113.0,String getPath(),
perwendel__spark_CVE-2018-9159_2.7.1,CVE-2018-9159,perwendel,spark,030e9d00125cbd1ad759668f85488aba1019c668,src/test/java/spark/embeddedserver/jetty/EmbeddedJettyFactoryTest.java,EmbeddedJettyFactoryTest,13.0,69.0,create,17.0,30.0,void create(),
perwendel__spark_CVE-2018-9159_2.7.1,CVE-2018-9159,perwendel,spark,030e9d00125cbd1ad759668f85488aba1019c668,src/test/java/spark/embeddedserver/jetty/EmbeddedJettyFactoryTest.java,EmbeddedJettyFactoryTest,13.0,69.0,create_withNullThreadPool,52.0,65.0,void create_withNullThreadPool(),
perwendel__spark_CVE-2018-9159_2.7.1,CVE-2018-9159,perwendel,spark,030e9d00125cbd1ad759668f85488aba1019c668,src/test/java/spark/embeddedserver/jetty/EmbeddedJettyFactoryTest.java,EmbeddedJettyFactoryTest,13.0,69.0,create_withThreadPool,34.0,48.0,void create_withThreadPool(),
perwendel__spark_CVE-2018-9159_2.7.1,CVE-2018-9159,perwendel,spark,030e9d00125cbd1ad759668f85488aba1019c668,src/test/java/spark/examples/staticresources/StaticResources.java,StaticResources,25.0,27.0,main,27.0,33.0,void main(String),
perwendel__spark_CVE-2018-9159_2.7.1,CVE-2018-9159,perwendel,spark,a221a864db28eb736d36041df2fa6eb8839fc5cd,src/main/java/spark/resource/ClassPathResource.java,ClassPathResource,41.0,252.0,getPath,112.0,113.0,String getPath(),
perwendel__spark_CVE-2018-9159_2.7.1,CVE-2018-9159,perwendel,spark,a221a864db28eb736d36041df2fa6eb8839fc5cd,src/main/java/spark/resource/ClassPathResource.java,ClassPathResource,41.0,252.0,ClassPathResource,75.0,86.0,"ClassPathResource(String,ClassLoader)",
perwendel__spark_CVE-2018-9159_2.7.1,CVE-2018-9159,perwendel,spark,a221a864db28eb736d36041df2fa6eb8839fc5cd,src/test/java/spark/embeddedserver/jetty/EmbeddedJettyFactoryTest.java,EmbeddedJettyFactoryTest,13.0,69.0,create,17.0,30.0,void create(),
perwendel__spark_CVE-2018-9159_2.7.1,CVE-2018-9159,perwendel,spark,a221a864db28eb736d36041df2fa6eb8839fc5cd,src/test/java/spark/embeddedserver/jetty/EmbeddedJettyFactoryTest.java,EmbeddedJettyFactoryTest,13.0,69.0,create_withNullThreadPool,52.0,65.0,void create_withNullThreadPool(),
perwendel__spark_CVE-2018-9159_2.7.1,CVE-2018-9159,perwendel,spark,a221a864db28eb736d36041df2fa6eb8839fc5cd,src/test/java/spark/embeddedserver/jetty/EmbeddedJettyFactoryTest.java,EmbeddedJettyFactoryTest,13.0,69.0,create_withThreadPool,34.0,48.0,void create_withThreadPool(),
perwendel__spark_CVE-2018-9159_2.7.1,CVE-2018-9159,perwendel,spark,a221a864db28eb736d36041df2fa6eb8839fc5cd,src/test/java/spark/examples/staticresources/StaticResources.java,StaticResources,25.0,27.0,main,27.0,33.0,void main(String),
perwendel__spark_CVE-2018-9159_2.7.1,CVE-2018-9159,perwendel,spark,ce9e11517eca69e58ed4378d1e47a02bd06863cc,src/main/java/spark/resource/ClassPathResource.java,ClassPathResource,41.0,249.0,ClassPathResource,93.0,96.0,"ClassPathResource(String,ClassLoader,Class)",
perwendel__spark_CVE-2018-9159_2.7.1,CVE-2018-9159,perwendel,spark,ce9e11517eca69e58ed4378d1e47a02bd06863cc,src/main/java/spark/resource/ClassPathResource.java,ClassPathResource,41.0,249.0,getInputStream,136.0,146.0,InputStream getInputStream(),
perwendel__spark_CVE-2018-9159_2.7.1,CVE-2018-9159,perwendel,spark,ce9e11517eca69e58ed4378d1e47a02bd06863cc,src/main/java/spark/resource/ClassPathResource.java,ClassPathResource,41.0,249.0,getURL,158.0,168.0,URL getURL(),
perwendel__spark_CVE-2018-9159_2.7.1,CVE-2018-9159,perwendel,spark,ce9e11517eca69e58ed4378d1e47a02bd06863cc,src/main/java/spark/resource/ClassPathResource.java,ClassPathResource,41.0,249.0,exists,117.0,124.0,boolean exists(),
perwendel__spark_CVE-2018-9159_2.7.1,CVE-2018-9159,perwendel,spark,ce9e11517eca69e58ed4378d1e47a02bd06863cc,src/main/java/spark/resource/ClassPathResource.java,ClassPathResource,41.0,249.0,equals,225.0,239.0,boolean equals(Object),
rhuss__jolokia_CVE-2018-1000129_1.4.0,CVE-2018-1000129,rhuss,jolokia,5895d5c137c335e6b473e9dcb9baf748851bbc5f,agent/core/src/main/java/org/jolokia/http/AgentServlet.java,AgentServlet,54.0,573.0,sendStreamingResponse,490.0,492.0,"void sendStreamingResponse(HttpServletResponse,String,JSONStreamAware)",
rhuss__jolokia_CVE-2018-1000129_1.4.0,CVE-2018-1000129,rhuss,jolokia,5895d5c137c335e6b473e9dcb9baf748851bbc5f,agent/core/src/main/java/org/jolokia/http/AgentServlet.java,AgentServlet,54.0,573.0,getMimeType,384.0,389.0,String getMimeType(HttpServletRequest),
rhuss__jolokia_CVE-2018-1000129_1.4.0,CVE-2018-1000129,rhuss,jolokia,5895d5c137c335e6b473e9dcb9baf748851bbc5f,agent/core/src/main/java/org/jolokia/http/AgentServlet.java,AgentServlet,54.0,573.0,sendResponse,471.0,485.0,"void sendResponse(HttpServletResponse,HttpServletRequest,JSONAware)",
rhuss__jolokia_CVE-2018-1000129_1.4.0,CVE-2018-1000129,rhuss,jolokia,5895d5c137c335e6b473e9dcb9baf748851bbc5f,agent/core/src/main/java/org/jolokia/http/AgentServlet.java,AgentServlet,54.0,573.0,sendAllJSON,495.0,508.0,"void sendAllJSON(HttpServletResponse,String,JSONAware)",
rhuss__jolokia_CVE-2018-1000129_1.4.0,CVE-2018-1000129,rhuss,jolokia,5895d5c137c335e6b473e9dcb9baf748851bbc5f,agent/core/src/main/java/org/jolokia/http/AgentServlet.java,AgentServlet,54.0,573.0,isStreamingEnabled,392.0,397.0,boolean isStreamingEnabled(HttpServletRequest),
rhuss__jolokia_CVE-2018-1000129_1.4.0,CVE-2018-1000129,rhuss,jolokia,5895d5c137c335e6b473e9dcb9baf748851bbc5f,agent/core/src/main/java/org/jolokia/http/AgentServlet.java,AgentServlet,54.0,573.0,handleSecurely,292.0,301.0,"JSONAware handleSecurely(ServletRequestHandler,HttpServletRequest,HttpServletResponse)",
rhuss__jolokia_CVE-2018-1000129_1.4.0,CVE-2018-1000129,rhuss,jolokia,5895d5c137c335e6b473e9dcb9baf748851bbc5f,agent/core/src/test/java/org/jolokia/http/AgentServletTest.java,AgentServletTest,48.0,681.0,debug,526.0,549.0,void debug(),
rhuss__jolokia_CVE-2018-1000129_1.4.0,CVE-2018-1000129,rhuss,jolokia,5895d5c137c335e6b473e9dcb9baf748851bbc5f,agent/core/src/test/java/org/jolokia/http/AgentServletTest.java,NoDnsLookupRestrictorChecker,284.0,293.0,isRemoteAccessAllowed,293.0,302.0,boolean isRemoteAccessAllowed(String),
rhuss__jolokia_CVE-2018-1000129_1.4.0,CVE-2018-1000129,rhuss,jolokia,5895d5c137c335e6b473e9dcb9baf748851bbc5f,agent/core/src/test/java/org/jolokia/http/AgentServletTest.java,AgentServletTest,48.0,681.0,setupAgentDetailsInitExpectations,674.0,678.0,void setupAgentDetailsInitExpectations(),
rhuss__jolokia_CVE-2018-1000129_1.4.0,CVE-2018-1000129,rhuss,jolokia,5895d5c137c335e6b473e9dcb9baf748851bbc5f,agent/core/src/test/java/org/jolokia/http/AgentServletTest.java,AgentServletTest,48.0,681.0,simpleGet,239.0,251.0,void simpleGet(),
rhuss__jolokia_CVE-2018-1000129_1.4.0,CVE-2018-1000129,rhuss,jolokia,5895d5c137c335e6b473e9dcb9baf748851bbc5f,agent/jvm/src/main/java/org/jolokia/jvmagent/handler/JolokiaHttpHandler.java,JolokiaHttpHandler,53.0,406.0,doHandle,211.0,243.0,void doHandle(HttpExchange),
rhuss__jolokia_CVE-2018-1000129_1.4.0,CVE-2018-1000129,rhuss,jolokia,5895d5c137c335e6b473e9dcb9baf748851bbc5f,agent/jvm/src/main/java/org/jolokia/jvmagent/handler/JolokiaHttpHandler.java,JolokiaHttpHandler,53.0,406.0,sendAllJSON,355.0,376.0,"void sendAllJSON(HttpExchange,ParsedUri,JSONAware)",
rhuss__jolokia_CVE-2018-1000129_1.4.0,CVE-2018-1000129,rhuss,jolokia,5895d5c137c335e6b473e9dcb9baf748851bbc5f,agent/jvm/src/main/java/org/jolokia/jvmagent/handler/JolokiaHttpHandler.java,JolokiaHttpHandler,53.0,406.0,createLogHandler,397.0,402.0,"LogHandler createLogHandler(String,String)",
rhuss__jolokia_CVE-2018-1000129_1.4.0,CVE-2018-1000129,rhuss,jolokia,5895d5c137c335e6b473e9dcb9baf748851bbc5f,agent/jvm/src/main/java/org/jolokia/jvmagent/handler/JolokiaHttpHandler.java,JolokiaHttpHandler,53.0,406.0,getHostName,260.0,261.0,String getHostName(InetSocketAddress),
rhuss__jolokia_CVE-2018-1000129_1.4.0,CVE-2018-1000129,rhuss,jolokia,5895d5c137c335e6b473e9dcb9baf748851bbc5f,agent/jvm/src/test/java/org/jolokia/jvmagent/handler/JolokiaHttpHandlerTest.java,JolokiaHttpHandlerTest,43.0,382.0,customRestrictor,136.0,148.0,void customRestrictor(),
rhuss__jolokia_CVE-2018-1000129_1.4.0,CVE-2018-1000129,rhuss,jolokia,5895d5c137c335e6b473e9dcb9baf748851bbc5f,agent/jvm/src/test/java/org/jolokia/jvmagent/handler/JolokiaHttpHandlerTest.java,JolokiaHttpHandlerTest,43.0,382.0,testCallbackGet,60.0,74.0,void testCallbackGet(),
spring-cloud__spring-cloud-gateway_CVE-2022-22947_3.0.6,CVE-2022-22947,spring-cloud,spring-cloud-gateway,1b868d2159e8fb71c22d583e424ae699f90532e3,spring-cloud-gateway-server/src/main/java/org/springframework/cloud/gateway/support/ShortcutConfigurable.java,GatewayEvaluationContext,161.0,224.0,getConstructorResolvers,182.0,183.0,List getConstructorResolvers(),
spring-cloud__spring-cloud-gateway_CVE-2022-22947_3.0.6,CVE-2022-22947,spring-cloud,spring-cloud-gateway,1b868d2159e8fb71c22d583e424ae699f90532e3,spring-cloud-gateway-server/src/main/java/org/springframework/cloud/gateway/support/ShortcutConfigurable.java,ShortcutConfigurable,161.0,224.0,getValue,182.0,183.0,"Object getValue(SpelExpressionParser parser, BeanFactory beanFactory, String entryValue)",
spring-cloud__spring-cloud-gateway_CVE-2022-22947_3.0.6,CVE-2022-22947,spring-cloud,spring-cloud-gateway,1b868d2159e8fb71c22d583e424ae699f90532e3,spring-cloud-gateway-server/src/test/java/org/springframework/cloud/gateway/support/ShortcutConfigurableTests.java,ShortcutConfigurableTests,42.0,151.0,testNormalizeDefaultTypeWithSpel,67.0,79.0,void testNormalizeDefaultTypeWithSpel(),
spring-cloud__spring-cloud-gateway_CVE-2022-22947_3.0.6,CVE-2022-22947,spring-cloud,spring-cloud-gateway,1b868d2159e8fb71c22d583e424ae699f90532e3,spring-cloud-gateway-server/src/test/java/org/springframework/cloud/gateway/support/ShortcutConfigurableTests.java,ShortcutConfigurableTests,42.0,151.0,testNormalizeDefaultTypeWithSpelAndInvalidInputFails,50.0,63.0,void testNormalizeDefaultTypeWithSpelAndInvalidInputFails(),
spring-cloud__spring-cloud-gateway_CVE-2022-22947_3.0.6,CVE-2022-22947,spring-cloud,spring-cloud-gateway,1b868d2159e8fb71c22d583e424ae699f90532e3,spring-cloud-gateway-server/src/test/java/org/springframework/cloud/gateway/support/ShortcutConfigurableTests.java,ShortcutConfigurableTests,42.0,151.0,testNormalizeGatherListTailFlagFlagExists,108.0,109.0,void testNormalizeGatherListTailFlagFlagExists(),
spring-cloud__spring-cloud-gateway_CVE-2022-22947_3.0.6,CVE-2022-22947,spring-cloud,spring-cloud-gateway,1b868d2159e8fb71c22d583e424ae699f90532e3,spring-cloud-gateway-server/src/test/java/org/springframework/cloud/gateway/support/ShortcutConfigurableTests.java,ShortcutConfigurableTests,42.0,151.0,assertListTailFlag,118.0,146.0,void assertListTailFlag(boolean),
SpringSource__spring-security-oauth_CVE-2018-1260_2.3.2.RELEASE,CVE-2018-1260,spring-attic,spring-security-oauth,70e5ba84ca98b7ab42c1900bdd9fa51b393d611f,spring-security-oauth2/src/main/java/org/springframework/security/oauth2/client/DefaultOAuth2RequestAuthenticator.java,DefaultOAuth2RequestAuthenticator,26.0,29.0,authenticate,29.0,39.0,"void authenticate(OAuth2ProtectedResourceDetails,OAuth2ClientContext,ClientHttpRequest)",
SpringSource__spring-security-oauth_CVE-2018-1260_2.3.2.RELEASE,CVE-2018-1260,spring-attic,spring-security-oauth,70e5ba84ca98b7ab42c1900bdd9fa51b393d611f,spring-security-oauth2/src/test/java/org/springframework/security/oauth2/client/DefaultOAuth2RequestAuthenticatorTests.java,DefaultOAuth2RequestAuthenticatorTests,28.0,43.0,addsAccessToken,43.0,48.0,void addsAccessToken(),
srikanth-lingala__zip4j_CVE-2018-1002202_1.3.2,CVE-2018-1002202,srikanth-lingala,zip4j,59aeea594ff885e06c25751dc6334dfea1bed8c6,src/main/java/net/lingala/zip4j/unzip/Unzip.java,Unzip,32.0,237.0,initExtractFile,123.0,179.0,"void initExtractFile(FileHeader,String,UnzipParameters,String,ProgressMonitor)",
undertow-io__undertow_CVE-2014-7816_1.0.16.Final,CVE-2014-7816,undertow-io,undertow,28f244e63f558ba99a197813cfd5eee461b52b4c,core/src/main/java/io/undertow/server/handlers/resource/ResourceHandler.java,ResourceHandler,56.0,416.0,serveResource,123.0,263.0,"void serveResource(HttpServerExchange,boolean)",
undertow-io__undertow_CVE-2014-7816_1.0.16.Final,CVE-2014-7816,undertow-io,undertow,28f244e63f558ba99a197813cfd5eee461b52b4c,servlet/src/main/java/io/undertow/servlet/handlers/DefaultServlet.java,DefaultServlet,69.0,321.0,doGet,128.0,160.0,"void doGet(HttpServletRequest,HttpServletResponse)",
undertow-io__undertow_CVE-2014-7816_1.0.16.Final,CVE-2014-7816,undertow-io,undertow,28f244e63f558ba99a197813cfd5eee461b52b4c,servlet/src/main/java/io/undertow/servlet/handlers/ServletPathMatches.java,ServletPathMatches,54.0,444.0,findWelcomeFile,128.0,140.0,"ServletPathMatch findWelcomeFile(String,boolean)",
vert-x3__vertx-web_CVE-2018-12542_3.5.3.CR1,CVE-2018-12542,vert-x3,vertx-web,57a65dce6f4c5aa5e3ce7288685e7f3447eb8f3b,vertx-web/src/main/java/io/vertx/ext/web/handler/impl/StaticHandlerImpl.java,StaticHandlerImpl,54.0,725.0,handle,132.0,152.0,void handle(RoutingContext),
vert-x3__vertx-web_CVE-2018-12542_3.5.3.CR1,CVE-2018-12542,vert-x3,vertx-web,57a65dce6f4c5aa5e3ce7288685e7f3447eb8f3b,vertx-web/src/main/java/io/vertx/ext/web/handler/impl/StaticHandlerImpl.java,StaticHandlerImpl,54.0,725.0,sendStatic,157.0,218.0,"void sendStatic(RoutingContext,String)",
vert-x3__vertx-web_CVE-2018-12542_3.5.3.CR1,CVE-2018-12542,vert-x3,vertx-web,57a65dce6f4c5aa5e3ce7288685e7f3447eb8f3b,vertx-web/src/test/java/io/vertx/ext/web/handler/StaticHandlerTest.java,StaticHandlerTest,49.0,723.0,testHandlerAfter,703.0,705.0,void testHandlerAfter(),
vert-x3__vertx-web_CVE-2018-12542_3.5.3.CR1,CVE-2018-12542,vert-x3,vertx-web,57a65dce6f4c5aa5e3ce7288685e7f3447eb8f3b,vertx-web/src/test/java/io/vertx/ext/web/handler/StaticHandlerTest.java,StaticHandlerTest,49.0,723.0,toDateTime,713.0,719.0,long toDateTime(String),
whitesource__curekit_CVE-2022-23082_1.1.3,CVE-2022-23082,whitesource,CureKit,af35e870ed09411d2f1fae6db1b04598cd1a31b6,src/main/java/io/whitesource/cure/FileSecurityUtils.java,FileSecurityUtils,12.0,34.0,isFileOutsideDir,21.0,25.0,"boolean isFileOutsideDir(String,String)",
whitesource__curekit_CVE-2022-23082_1.1.3,CVE-2022-23082,whitesource,CureKit,af35e870ed09411d2f1fae6db1b04598cd1a31b6,src/test/java/io/whitesource/cure/FileSecurityUtilsTests.java,FileSecurityUtilsTests,10.0,54.0,normalize_validInput_successfullyWithResult,45.0,50.0,void normalize_validInput_successfullyWithResult(),
wildfly__wildfly_CVE-2018-1047_11.0.0.Final,CVE-2018-1047,wildfly,wildfly,21c358acf0b06f38ec46034404c7a3d0bbbc132d,testsuite/integration/web/src/test/java/org/jboss/as/test/integration/web/servlet/overlays/ServletResourceOverlaysTestCase.java,ServletResourceOverlaysTestCase,46.0,71.0,single,52.0,62.0,WebArchive single(),
wildfly__wildfly_CVE-2018-1047_11.0.0.Final,CVE-2018-1047,wildfly,wildfly,21c358acf0b06f38ec46034404c7a3d0bbbc132d,testsuite/integration/web/src/test/java/org/jboss/as/test/integration/web/servlet/overlays/ServletResourceOverlaysTestCase.java,ServletResourceOverlaysTestCase,46.0,71.0,testLifeCycle,71.0,77.0,void testLifeCycle(),
wildfly__wildfly_CVE-2018-1047_11.0.0.Final,CVE-2018-1047,wildfly,wildfly,735c77ce8b3bab6aa5072fb8575dc96db52d01ab,undertow/src/main/java/org/wildfly/extension/undertow/deployment/ServletResourceManager.java,ServletResourceManager,42.0,139.0,getResource,72.0,96.0,Resource getResource(String),
wildfly__wildfly_CVE-2018-1047_11.0.0.Final,CVE-2018-1047,wildfly,wildfly,9ff55ed2da845a6f604b2edd1bc3bd311f1b776c,testsuite/integration/web/src/test/java/org/jboss/as/test/integration/web/servlet/overlays/ServletResourceOverlaysTestCase.java,ServletResourceOverlaysTestCase,55.0,102.0,single,61.0,77.0,WebArchive single(),
wildfly__wildfly_CVE-2018-1047_11.0.0.Final,CVE-2018-1047,wildfly,wildfly,9ff55ed2da845a6f604b2edd1bc3bd311f1b776c,testsuite/integration/web/src/test/java/org/jboss/as/test/integration/web/servlet/overlays/ServletResourceOverlaysTestCase.java,ServletResourceOverlaysTestCase,55.0,102.0,testPathAccess,102.0,130.0,void testPathAccess(),
wildfly__wildfly_CVE-2018-1047_11.0.0.Final,CVE-2018-1047,wildfly,wildfly,9ff55ed2da845a6f604b2edd1bc3bd311f1b776c,testsuite/integration/web/src/test/java/org/jboss/as/test/integration/web/servlet/overlays/ServletResourceOverlaysTestCase.java,ServletResourceOverlaysTestCase,55.0,102.0,testLifeCycle,86.0,92.0,void testLifeCycle(),
xwiki__xwiki-rendering_CVE-2023-37908_14.10.3,CVE-2023-37908,xwiki,xwiki-commons,0b8e9c45b7e7457043938f35265b2aa5adc76a68,xwiki-commons-core/xwiki-commons-xml/src/test/java/org/xwiki/xml/internal/html/SecureHTMLElementSanitizerTest.java,SecureHTMLElementSanitizer,56.0,244.0,isAttributeAllowed,189.0,205.0,"boolean isAttributeAllowed(String elementName, String attributeName, String attributeValue)",
xwiki__xwiki-rendering_CVE-2023-37908_14.10.3,CVE-2023-37908,xwiki,xwiki-rendering,f4d5acac451dccaf276e69f0b49b72221eef5d2f,xwiki-rendering-xml/src/main/java/org/xwiki/rendering/renderer/printer/XHTMLWikiPrinter.java,XHTMLWikiPrinter,43.0,405.0,cleanAttributes,264.0,288.0,"Map<String, String> cleanAttributes(String elementName, Map<String, String> attributes)",
xwiki__xwiki-rendering_CVE-2023-37908_14.10.3,CVE-2023-37908,xwiki,xwiki-rendering,f4d5acac451dccaf276e69f0b49b72221eef5d2f,xwiki-rendering-xml/src/main/java/org/xwiki/rendering/renderer/printer/XHTMLWikiPrinter.java,XHTMLWikiPrinter,43.0,405.0,cleanAttributes,290.0,317.0,"String[][] cleanAttributes(String elementName, String[][] attributes)",
xwiki__xwiki-rendering_CVE-2023-37908_14.10.3,CVE-2023-37908,xwiki,xwiki-rendering,f4d5acac451dccaf276e69f0b49b72221eef5d2f,xwiki-rendering-xml/src/main/java/org/xwiki/rendering/renderer/printer/XHTMLWikiPrinter.java,XHTMLWikiPrinter,43.0,405.0,cleanAttributes,319.0,350.0,"Attributes cleanAttributes(String elementName, Attributes attributes)",
yamcs__yamcs_CVE-2023-45277_5.8.6,CVE-2023-45277,yamcs,yamcs,b6db35e432e62fdff0447cf513369f0b8a848abf,yamcs-core/src/main/java/org/yamcs/yarch/FileSystemBucket.java,FileSystemBucket,26.0,240.0,putObject,141.0,187.0,"void putObject(String,String,Map<String, String>,byte[])",
yamcs__yamcs_CVE-2023-45277_5.8.6,CVE-2023-45277,yamcs,yamcs,b6db35e432e62fdff0447cf513369f0b8a848abf,yamcs-core/src/main/java/org/yamcs/yarch/FileSystemBucket.java,FileSystemBucket,26.0,240.0,getObject,190.0,197.0,byte getObject(String),
yamcs__yamcs_CVE-2023-45277_5.8.6,CVE-2023-45277,yamcs,yamcs,b6db35e432e62fdff0447cf513369f0b8a848abf,yamcs-core/src/main/java/org/yamcs/yarch/FileSystemBucket.java,FileSystemBucket,26.0,240.0,deleteObject,200.0,203.0,void deleteObject(String),
yamcs__yamcs_CVE-2023-45277_5.8.6,CVE-2023-45277,yamcs,yamcs,b6db35e432e62fdff0447cf513369f0b8a848abf,yamcs-core/src/main/java/org/yamcs/yarch/FileSystemBucket.java,FileSystemBucket,26.0,240.0,findObject,206.0,214.0,ObjectProperties findObject(String),
yamcs__yamcs_CVE-2023-45278_5.8.6,CVE-2023-45278,yamcs,yamcs,b6db35e432e62fdff0447cf513369f0b8a848abf,yamcs-core/src/main/java/org/yamcs/yarch/FileSystemBucket.java,FileSystemBucket,26.0,240.0,putObject,141.0,187.0,"void putObject(String,String,Map<String, String>,byte[])",
yamcs__yamcs_CVE-2023-45278_5.8.6,CVE-2023-45278,yamcs,yamcs,b6db35e432e62fdff0447cf513369f0b8a848abf,yamcs-core/src/main/java/org/yamcs/yarch/FileSystemBucket.java,FileSystemBucket,26.0,240.0,getObject,190.0,197.0,byte getObject(String),
yamcs__yamcs_CVE-2023-45278_5.8.6,CVE-2023-45278,yamcs,yamcs,b6db35e432e62fdff0447cf513369f0b8a848abf,yamcs-core/src/main/java/org/yamcs/yarch/FileSystemBucket.java,FileSystemBucket,26.0,240.0,deleteObject,200.0,203.0,void deleteObject(String),
yamcs__yamcs_CVE-2023-45278_5.8.6,CVE-2023-45278,yamcs,yamcs,b6db35e432e62fdff0447cf513369f0b8a848abf,yamcs-core/src/main/java/org/yamcs/yarch/FileSystemBucket.java,FileSystemBucket,26.0,240.0,findObject,206.0,214.0,ObjectProperties findObject(String),
zeroturnaround__zt-zip_CVE-2018-1002201_1.12,CVE-2018-1002201,zeroturnaround,zt-zip,759b72f33bc8f4d69f84f09fcb7f010ad45d6fff,src/main/java/org/zeroturnaround/zip/ZipUtil.java,Unpacker,1139.0,1149.0,process,1149.0,1168.0,"void process(InputStream,ZipEntry)",
zeroturnaround__zt-zip_CVE-2018-1002201_1.12,CVE-2018-1002201,zeroturnaround,zt-zip,759b72f33bc8f4d69f84f09fcb7f010ad45d6fff,src/main/java/org/zeroturnaround/zip/ZipUtil.java,Unwraper,1238.0,1280.0,getRootName,1280.0,1286.0,String getRootName(String),
zeroturnaround__zt-zip_CVE-2018-1002201_1.12,CVE-2018-1002201,zeroturnaround,zt-zip,759b72f33bc8f4d69f84f09fcb7f010ad45d6fff,src/main/java/org/zeroturnaround/zip/ZipUtil.java,Unwraper,1238.0,1280.0,process,1249.0,1271.0,"void process(InputStream,ZipEntry)",
jackrabbit_CVE-2025-53689_jackrabbit-2.23.1-beta,CVE-2025-53689,apache,jackrabbit,02786c0a01838580252bdab79bfa54026c30294e,jackrabbit/jackrabbit-core/src/main/java/org/apache/jackrabbit/core/util/DOMWalker.java,DOMWalker,41.0,259.0,createFactory,46.0,73.0,DocumentBuilderFactory createFactory(),1.0
incubator-seata_CVE-2025-32897_v2.2.0,CVE-2025-32897,apache,incubator-seata,7eda23e948312ed52c3336de70a11f4d2ab06a48,incubator-seata/server/src/main/java/org/apache/seata/server/cluster/raft/serializer/CustomDeserializer.java,CustomDeserializer,26.0,52.0,deserialize,35.0,52.0,"Class<?> deserialize(JsonParser jsonParser, DeserializationContext deserializationContext)",1.0
allure2_CVE-2025-52888_2.34.0,CVE-2025-52888,allure-framework,allure2,cbcb33719851ff70adce85d38e15d20fc58d4eb7,allure2/plugins/junit-xml-plugin/src/main/java/io/qameta/allure/junitxml/JunitXmlPlugin.java,JunitXmlPlugin,73.0,361.0,parseRootElement,132.0,158.0,"void parseRootElement(final Path resultsDirectory, final Path parsedFile, final RandomUidContext context, final ResultsVisitor visitor)",1.0
powsybl-core_CVE-2025-47771_v6.7.1,CVE-2025-47771,powsybl,powsybl-core,8ed16ce41683c4aef5f6aa1dd5ae8642aa5ed2bd,powsybl-core/math/src/main/java/com/powsybl/math/matrix/SparseMatrix.java,SparseMatrix,28.0,525.0,read,492.0,506.0,SparseMatrix read(InputStream inputStream),1.0
solon_CVE-2025-46096_v3.1.2,CVE-2025-46096,opensolon,solon,49a3bf95fdcf050829843004b65a2b336ca6ddff,solon/solon-projects/solon-faas/solon-faas-luffy/src/main/java/org/noear/solon/luffy/impl/JtFunctionLoaderFile.java,JtFunctionLoaderFile,39.0,160.0,fileGet,59.0,106.0,AFileModel fileGet(String path),1.0
webdrivermanager_CVE-2025-4641_webdrivermanager-6.0.1,CVE-2025-4641,bonigarcia,webdrivermanager,32b0b4d9c21adf474be9b63530b073b85ffbb65b,webdrivermanager/src/main/java/io/github/bonigarcia/wdm/WebDriverManager.java,WebDriverManager,159.0,2057.0,loadXML,1572.0,1584.0,Document loadXML(InputStream inputStream),1.0
iotdb_CVE-2025-26795_v1.3.3,CVE-2025-26795,apache,iotdb,34fcaff6b72470d5ad369307dde7fae8897aea7e,iotdb/iotdb-client/jdbc/src/main/java/org/apache/iotdb/jdbc/IoTDBDataSourceFactory.java,IoTDBDataSourceFactory,32.0,77.0,setProperties,43.0,61.0,"void setProperties(IoTDBDataSource ds, Properties prop)",1.0
iotdb_CVE-2025-26864_v1.3.3,CVE-2025-26864,apache,iotdb,34fcaff6b72470d5ad369307dde7fae8897aea7e,iotdb/iotdb-client/jdbc/src/main/java/org/apache/iotdb/jdbc/IoTDBDataSourceFactory.java,IoTDBDataSourceFactory,32.0,77.0,setProperties,43.0,61.0,"void setProperties(IoTDBDataSource ds, Properties prop)",1.0
jpawebapi_CVE-2025-32961_v1.1.0,CVE-2025-32961,cuba-platform,jpawebapi,78b837d7e2b12d0df69cef1bc6042ebf3bdaf22c,jpawebapi/modules/jpawebapi/src/com/haulmont/addon/jpawebapi/api/config/JpaWebApiConfig.java,JpaWebApiConfig,36.0,76.0,getInlineEnabledFileExtensions,72.0,75.0,List<String> getInlineEnabledFileExtensions(),1.0
restapi_CVE-2025-32960_v7.2.6,CVE-2025-32960,cuba-platform,restapi,b3d599f6657d7e212fdb134a61ab5e0888669eb1,restapi/modules/global/src/com/haulmont/addon/restapi/api/config/RestApiConfig.java,RestApiConfig,39.0,135.0,getInlineEnabledFileExtensions,131.0,134.0,List<String> getInlineEnabledFileExtensions(),1.0
kylin_CVE-2025-30067_kylin-5.0.1,CVE-2025-30067,apache,kylin,21d98f3ef29f71b50dacabbf039905f9f0f71b95,kylin/src/common-service/src/main/java/org/apache/kylin/rest/service/ProjectService.java,ProjectService,160.0,1300.0, updateProjectOverrideKylinProps,437.0,459.0,"void updateProjectOverrideKylinProps(String project, Map<String, String> overrideKylinProps)",1.0
snowflake-jdbc_CVE-2025-27496_v3.23.0,CVE-2025-27496,snowflakedb,snowflake-jdbc,ef81582ce2f1dbc3c8794a696c94f4fe65fad507,snowflake-jdbc/src/main/java/net/snowflake/client/jdbc/SnowflakeFileTransferAgent.java,SnowflakeFileTransferAgent,87.0,3475.0,parseCommandInGS,1321.0,1346.0,"JsonNode parseCommandInGS(SFStatement statement, String command)",1.0
keycloak_CVE-2025-1391_26.1.2,CVE-2025-1391,keycloak,keycloak,5aa2b4c75bb474303ab807017582bc01a9f7e378,keycloak/services/src/main/java/org/keycloak/organization/authentication/authenticators/browser/OrganizationAuthenticator.java,OrganizationAuthenticator,63.0,413.0,resolveOrganization,155.0,185.0,"OrganizationModel resolveOrganization(UserModel user, String domain)",1.0
emissary_CVE-2025-27508_8.23.0,CVE-2025-27508,NationalSecurityAgency,emissary,da3a81a8977577597ff2a944820a5ae4e9762368,emissary/src/main/java/emissary/kff/ChecksumCalculator.java,ChecksumCalculator,32.0,225.0,ChecksumCalculator,59.0,62.0,"ChecksumCalculator(String alg, boolean useCrc)",1.0
solon_CVE-2025-1584_v3.0.8,CVE-2025-1584,opensolon,solon,f46e47fd1f8455b9467d7ead3cdb0509115b2ef1,solon-projects/solon-web/solon-web-staticfiles/src/main/java/org/noear/solon/web/staticfiles/StaticMappings.java,StaticMappings,28.0,101.0,find,68.0,100.0,URL find(String path),1.0
djl_CVE-2025-0851_v0.30.0,CVE-2025-0851,deepjavalibrary,djl,7415cc5f72aae69ea9716a5e4f709af03a77a619,djl/api/src/main/java/ai/djl/util/TarUtils.java,TarUtils,28.0,67.0,untar,40.0,66.0,"void untar(InputStream is, Path dir, boolean gzip)",1.0
jte_CVE-2025-23026_3.1.15,CVE-2025-23026,casid,jte,a6fb00d53c7b8dbb86de933215dbe1b9191a57f1,jte/jte-runtime/src/main/java/gg/jte/html/escape/Escape.java,Escape,5.0,105.0,javaScriptBlock,43.0,66.0,"void javaScriptBlock(String value, TemplateOutput output)",1.0
