id,project_slug,cve_id,cwe_id,cwe_name,github_username,github_repository_name,github_tag,github_url,advisory_id,buggy_commit_id,fix_commit_ids
1,perwendel__spark_CVE-2018-9159_2.7.1,CVE-2018-9159,CWE-022,Improper Limitation of a Pathname to a Restricted Directory ('Path Traversal'),perwendel,spark,2.7.1,https://github.com/perwendel/spark,GHSA-76qr-mmh8-cp8f,5316c0d0f057daaf556c3907c20df975f7bf8a8a,030e9d00125cbd1ad759668f85488aba1019c668;a221a864db28eb736d36041df2fa6eb8839fc5cd;ce9e11517eca69e58ed4378d1e47a02bd06863cc
2,perwendel__spark_CVE-2016-9177_2.5.1,CVE-2016-9177,CWE-022,Improper Limitation of a Pathname to a Restricted Directory ('Path Traversal'),perwendel,spark,2.5.1,https://github.com/perwendel/spark,GHSA-89gc-6cw6-4vch,ce57dfb949ed183405f75dee8cf3262b45c9b3b5,efcb46c710e3f56805b9257a63d1306882f4faf9
4,dromara__hutool_CVE-2018-17297_4.1.11,CVE-2018-17297,CWE-022,Improper Limitation of a Pathname to a Restricted Directory ('Path Traversal'),dromara,hutool,4.1.11,https://github.com/dromara/hutool,GHSA-rhq2-2574-78mc,7687720c5125b29386d3bb9c7c2931da79664b73,8d7d0b7fb5ea4f7447b40131bffc1ec506a6528e
5,vert-x3__vertx-web_CVE-2018-12542_3.5.3.CR1,CVE-2018-12542,CWE-022,Improper Limitation of a Pathname to a Restricted Directory ('Path Traversal'),vert-x3,vertx-web,3.5.3.CR1,https://github.com/vert-x3/vertx-web,GHSA-h39x-m55c-v55h,3fe3873cc28b4d833c90f8989ff797a7b463da2c,57a65dce6f4c5aa5e3ce7288685e7f3447eb8f3b
6,apache__jspwiki_CVE-2019-0225_2.11.0.M2,CVE-2019-0225,CWE-022,Improper Limitation of a Pathname to a Restricted Directory ('Path Traversal'),apache,jspwiki,2.11.0.M2,https://github.com/apache/jspwiki,GHSA-pffw-p2q5-w6vh,d48bcef107a14dd07ecd830ab817b8df796082a4,88d89d6523802c044cfcb7930cba40d8eeb21da2
7,wildfly__wildfly_CVE-2018-1047_11.0.0.Final,CVE-2018-1047,CWE-022,Improper Limitation of a Pathname to a Restricted Directory ('Path Traversal'),wildfly,wildfly,11.0.0.Final,https://github.com/wildfly/wildfly,GHSA-fmr4-w67p-vh8x,4fd7bffaf2ee73201910684f2674aa1bced7fe81,735c77ce8b3bab6aa5072fb8575dc96db52d01ab;21c358acf0b06f38ec46034404c7a3d0bbbc132d;9ff55ed2da845a6f604b2edd1bc3bd311f1b776c
10,codehaus-plexus__plexus-archiver_CVE-2018-1002200_3.5,CVE-2018-1002200,CWE-022,Improper Limitation of a Pathname to a Restricted Directory ('Path Traversal'),codehaus-plexus,plexus-archiver,3.5,https://github.com/codehaus-plexus/plexus-archiver,GHSA-hcxq-x77q-3469,b9f9a425865eb47fb3665b3144ee4ca11f402704,f8f4233508193b70df33759ae9dc6154d69c2ea8
11,whitesource__curekit_CVE-2022-23082_1.1.3,CVE-2022-23082,CWE-022,Improper Limitation of a Pathname to a Restricted Directory ('Path Traversal'),whitesource,CureKit,1.1.3,https://github.com/whitesource/CureKit,GHSA-m9vj-44f3-78xw,7b275a67a5992165deb186b2b3f7764ddd062d26,af35e870ed09411d2f1fae6db1b04598cd1a31b6
12,zeroturnaround__zt-zip_CVE-2018-1002201_1.12,CVE-2018-1002201,CWE-022,Improper Limitation of a Pathname to a Restricted Directory ('Path Traversal'),zeroturnaround,zt-zip,1.12,https://github.com/zeroturnaround/zt-zip,GHSA-qcf3-9vmh-xw4r,bd3f3d77f3709f901fd5180a493ef32e4dfebfa6,759b72f33bc8f4d69f84f09fcb7f010ad45d6fff
14,srikanth-lingala__zip4j_CVE-2018-1002202_1.3.2,CVE-2018-1002202,CWE-022,Improper Limitation of a Pathname to a Restricted Directory ('Path Traversal'),srikanth-lingala,zip4j,1.3.2,https://github.com/iris-sast/zip4j,GHSA-2rpm-4x8c-pvqg,d87ffa2d64ffb3a0a1cf0c7a69c7b19d7015bfde,59aeea594ff885e06c25751dc6334dfea1bed8c6
16,asf__tapestry-5_CVE-2019-0207_5.4.4,CVE-2019-0207,CWE-022,Improper Limitation of a Pathname to a Restricted Directory ('Path Traversal'),apache,tapestry-5,5.4.4,https://github.com/apache/tapestry-5,GHSA-89r3-rcpj-h7w6,d29cc6778eb0c75e45139274005bba1c4f58907f,6dd7219fd4707467a36091e2f7f5f6460c619099
17,asf__commons-io_CVE-2021-29425_2.6,CVE-2021-29425,CWE-022,Improper Limitation of a Pathname to a Restricted Directory ('Path Traversal'),apache,commons-io,2.6,https://github.com/apache/commons-io,GHSA-gwrp-pvrq-jmwv,2ae025fe5c4a7d2046c53072b0898e37a079fe62,fe7543eee5cd4b2f9e78aa44c31031b68eba204d
18,diffplug__goomph_CVE-2022-26049_3.37.1,CVE-2022-26049,CWE-022,Improper Limitation of a Pathname to a Restricted Directory ('Path Traversal'),diffplug,goomph,3.37.1,https://github.com/diffplug/goomph,GHSA-p2f7-9cv7-jjf6,fe2083196f0d0a75885aea402baaa972254173d5,25f04f67ba62d9a14104bee13a0a0f2517afb8c8
20,alibaba__one-java-agent_CVE-2022-25842_0.0.1,CVE-2022-25842,CWE-022,Improper Limitation of a Pathname to a Restricted Directory ('Path Traversal'),alibaba,one-java-agent,0.0.1,https://github.com/alibaba/one-java-agent,GHSA-9hr3-j9mc-xmq2,b911af2bb779917c84a016350700745dc31c642a,359603b63fc6c59d8b57e061c171954bab3433bf;e0149bb36488fede2a12cb1ab3c2095e56dd7571
21,joniles__mpxj_CVE-2020-35460_8.3.4,CVE-2020-35460,CWE-022,Improper Limitation of a Pathname to a Restricted Directory ('Path Traversal'),joniles,mpxj,8.3.4,https://github.com/joniles/mpxj,GHSA-p9j6-4pjr-gp48,87ea0ba33e901b87c95a18e3703ac51b59e2ee04,8eaf4225048ea5ba7e59ef4556dab2098fcc4a1d
22,codehaus-plexus__plexus-utils_CVE-2022-4244_3.0.23,CVE-2022-4244,CWE-022,Improper Limitation of a Pathname to a Restricted Directory ('Path Traversal'),codehaus-plexus,plexus-utils,3.0.23,https://github.com/codehaus-plexus/plexus-utils,GHSA-g6ph-x5wf-g337,6176f91bb843eecddac857591ed20bda38e01470,33a2853df8185b4519b1b8bfae284f03392618ef
23,undertow-io__undertow_CVE-2014-7816_1.0.16.Final,CVE-2014-7816,CWE-022,Improper Limitation of a Pathname to a Restricted Directory ('Path Traversal'),undertow-io,undertow,1.0.16.Final,https://github.com/undertow-io/undertow,GHSA-h6p6-fc4w-cqhx,4aa98c80fa9962235c94f8666c30793d0018f95d,28f244e63f558ba99a197813cfd5eee461b52b4c
24,codehaus-plexus__plexus-archiver_CVE-2023-37460_4.7.1,CVE-2023-37460,CWE-022,Improper Limitation of a Pathname to a Restricted Directory ('Path Traversal'),codehaus-plexus,plexus-archiver,4.7.1,https://github.com/codehaus-plexus/plexus-archiver,GHSA-wh3p-fphp-9h2m,e7cbadba1b5c78192677da95b355dd790f3a4535,54759839fbdf85caf8442076f001d5fd64e0dcb2
25,jeremylong__DependencyCheck_CVE-2018-12036_3.1.2,CVE-2018-12036,CWE-022,Improper Limitation of a Pathname to a Restricted Directory ('Path Traversal'),jeremylong,DependencyCheck,3.1.2,https://github.com/jeremylong/DependencyCheck,GHSA-hcwx-7q5v-vc67,c3b5b3c0d7fe7283b4cd421149d6fb620476f67d,c106ca919aa343b95cca0ffff0a0b5dc20b2baf7
34,codehaus-plexus__plexus-utils_CVE-2017-1000487_3.0.15,CVE-2017-1000487,CWE-078,Improper Neutralization of Special Elements used in an OS Command ('OS Command Injection'),codehaus-plexus,plexus-utils,3.0.15,https://github.com/codehaus-plexus/plexus-utils,GHSA-8vhq-qq4p-grq3,3b271b43f9e5021b4232fc2ffdfb4e469c7f8685,b38a1b3a4352303e4312b2bb601a0d7ec6e28f41
39,apache__dolphinscheduler_CVE-2022-26884_2.0.5,CVE-2022-26884,CWE-022,Improper Limitation of a Pathname to a Restricted Directory ('Path Traversal'),apache,dolphinscheduler,2.0.5,https://github.com/apache/dolphinscheduler,GHSA-vpgf-fgm8-gxr2,f31328276c12821c21d1ce07e824bc74146c19b2,9717da6c255414eaef1c9ac943b0eb8989c1a85d
40,kubernetes-client__java_CVE-2020-8570_client-java-parent-9.0.1,CVE-2020-8570,CWE-022,Improper Limitation of a Pathname to a Restricted Directory ('Path Traversal'),kubernetes-client,java,client-java-parent-9.0.1,https://github.com/kubernetes-client/java,GHSA-cghx-9gcr-r42x,796c74f4244cacd90d99393640ccaad0c72f8893,858316ae8bc1145005a0310e1f65f95d2389a589
42,jenkinsci__perfecto-plugin_CVE-2020-2261_1.17,CVE-2020-2261,CWE-078,Improper Neutralization of Special Elements used in an OS Command ('OS Command Injection'),jenkinsci,perfecto-plugin,1.17,https://github.com/jenkinsci/perfecto-plugin,GHSA-jq84-6fmm-6qv6,adabcd9da98628e063bb91198e30ff39a34dc921,52c09ad2e26416211e4009b095c4f16508b27b8a
55,nahsra__antisamy_CVE-2022-28367_1.6.5,CVE-2022-28367,CWE-079,Improper Neutralization of Input During Web Page Generation ('Cross-site Scripting'),nahsra,antisamy,1.6.5,https://github.com/nahsra/antisamy,GHSA-3pqg-4rqg-pg9g,b7c151112dd19928e700ee48639942fd1079d1e3,0199e7e194dba5e7d7197703f43ebe22401e61ae
57,jenkinsci__script-security-plugin_CVE-2023-24422_1228.vd93135a_2fb_25,CVE-2023-24422,CWE-078,Improper Neutralization of Special Elements used in an OS Command ('OS Command Injection'),jenkinsci,script-security-plugin,1228.vd93135a_2fb_25,https://github.com/jenkinsci/script-security-plugin,GHSA-76qj-9gwh-pvv3,d93135a2fb250c04cc361b0bb1efd809bc63ad08,4880bbe905a6783d80150c8b881d0127430d4a73
58,apache__sling-org-apache-sling-xss_CVE-2016-5394_1.0.8,CVE-2016-5394,CWE-079,Improper Neutralization of Input During Web Page Generation ('Cross-site Scripting'),apache,sling-org-apache-sling-xss,1.0.8,https://github.com/apache/sling-org-apache-sling-xss,GHSA-xwf4-88xr-hx2j,e23ca68878dd6504066015601b6b76e8fe19b752,de32b144ad2be3367559f6184d560db42a220529
59,rhuss__jolokia_CVE-2018-1000129_1.4.0,CVE-2018-1000129,CWE-079,Improper Neutralization of Input During Web Page Generation ('Cross-site Scripting'),rhuss,jolokia,1.4.0,https://github.com/rhuss/jolokia,GHSA-hfpg-gqjw-779m,10727cab59a8fc2ae053bec6b2f26f48f1c4245c,5895d5c137c335e6b473e9dcb9baf748851bbc5f
60,yamcs__yamcs_CVE-2023-45278_5.8.6,CVE-2023-45278,CWE-022,Improper Limitation of a Pathname to a Restricted Directory ('Path Traversal'),yamcs,yamcs,5.8.6,https://github.com/yamcs/yamcs,GHSA-43fw-536j-w37j,9443a67d2aeda20fb73f68c5d571b515d68c05e4,b6db35e432e62fdff0447cf513369f0b8a848abf
61,yamcs__yamcs_CVE-2023-45277_5.8.6,CVE-2023-45277,CWE-022,Improper Limitation of a Pathname to a Restricted Directory ('Path Traversal'),yamcs,yamcs,5.8.6,https://github.com/yamcs/yamcs,GHSA-w4m2-qmh3-2g8f,9443a67d2aeda20fb73f68c5d571b515d68c05e4,b6db35e432e62fdff0447cf513369f0b8a848abf
64,apache__uima-uimaj_CVE-2022-32287_3.3.0,CVE-2022-32287,CWE-022,Improper Limitation of a Pathname to a Restricted Directory ('Path Traversal'),apache,uima-uimaj,3.3.0,https://github.com/apache/uima-uimaj,GHSA-xgqr-5wqw-9fpv,f1f557a415ae38e383bf050587a510211515c21d,1088f615154b385dd163965b8d2ef78e87111ab1
65,apache__jspwiki_CVE-2019-10077_2.11.0.M3,CVE-2019-10077,CWE-079,Improper Neutralization of Input During Web Page Generation ('Cross-site Scripting'),apache,jspwiki,2.11.0.M3,https://github.com/apache/jspwiki,GHSA-cj6j-32rg-45r2,2ea7973c1c7fdf2771a9743dbc8ecb27c9bb162d,87c89f0405d6b31fc165358ce5d5bc4536e32a8a
70,jmrozanec__cron-utils_CVE-2021-41269_9.1.5,CVE-2021-41269,CWE-094,Improper Control of Generation of Code ('Code Injection'),jmrozanec,cron-utils,9.1.5,https://github.com/jmrozanec/cron-utils,GHSA-p9m8-27x8-rg87,34493c66edb490396202edad66c5f8cc5717d494,cfd2880f80e62ea74b92fa83474c2aabdb9899da;d6707503ec2f20947f79e38f861dba93b39df9da
74,apache__jspwiki_CVE-2022-46907_2.11.3,CVE-2022-46907,CWE-079,Improper Neutralization of Input During Web Page Generation ('Cross-site Scripting'),apache,jspwiki,2.11.3,https://github.com/apache/jspwiki,GHSA-qvq8-cw7f-m7m4,515dff39c66c43318056fa76a20117662d2a0e8d,0b9a0149032170063f22d65e335dfd317db815ea;46e1ef7a595ca5cabf5ef184139910413f2024fc;484c6a133e397693991b7c9a9b62ef3ca48ce707;75019d337f1d0033b1f65428e75f43baeffd99dd;82be08904a6d8bd22fa2d4e5a7e85f43408724d3;9d6dbf911d52d724297e4e46c4b80649fb028ff9;df20770f251a8d7431047e556b144ef24ee6a3a7
81,asf__commons-text_CVE-2022-42889_1.9,CVE-2022-42889,CWE-094,Improper Control of Generation of Code ('Code Injection'),apache,commons-text,1.9,https://github.com/apache/commons-text,GHSA-599f-7c49-w659,cb85bed468e99d34b88d0c81fe20eb3b1615660e,b9b40b903e2d1f9935039803c9852439576780ea
84,xwiki__xwiki-rendering_CVE-2023-37908_14.10.3,CVE-2023-37908,CWE-079,Improper Neutralization of Input During Web Page Generation ('Cross-site Scripting'),xwiki,xwiki-rendering,14.10.3,https://github.com/xwiki/xwiki-rendering,GHSA-663w-2xp3-5739,0b0286c4caeab4cc1fdd617ec5bf0a91e6f46762,f4d5acac451dccaf276e69f0b49b72221eef5d2f
88,ff4j__ff4j_CVE-2022-44262_1.8.13,CVE-2022-44262,CWE-094,Improper Control of Generation of Code ('Code Injection'),ff4j,ff4j,1.8.13,https://github.com/ff4j/ff4j,GHSA-65hj-9ppw-77xc,7c34409d320ed1c917c4ec4ac72a99661c4e446f,62d03140f3bfbd380d0f4b4e5a94dcb8baa9d9c6
89,SpringSource__spring-security-oauth_CVE-2018-1260_2.3.2.RELEASE,CVE-2018-1260,CWE-094,Improper Control of Generation of Code ('Code Injection'),spring-attic,spring-security-oauth,2.3.2.RELEASE,https://github.com/spring-attic/spring-security-oauth,GHSA-rrpm-pj7p-7j9q,97e39dde7e88aae802be98de084a382886ca4255,70e5ba84ca98b7ab42c1900bdd9fa51b393d611f
93,spring-cloud__spring-cloud-gateway_CVE-2022-22947_3.0.6,CVE-2022-22947,CWE-094,Improper Control of Generation of Code ('Code Injection'),spring-cloud,spring-cloud-gateway,3.0.6,https://github.com/spring-cloud/spring-cloud-gateway,GHSA-3gx9-37ww-9qw6,da0f9014bcc9131d8f15141be74011b89a01420f,1b868d2159e8fb71c22d583e424ae699f90532e3
98,asf__karaf_CVE-2022-22932_4.3.5,CVE-2022-22932,CWE-022,Improper Limitation of a Pathname to a Restricted Directory ('Path Traversal'),apache,karaf,4.3.5,https://github.com/apache/karaf,GHSA-544x-2jx9-4pfg,d0439e5b0dde1c7e3ff0207c557aa701093acd25,36a2bc430cc773db1cfd0b32e307d9da2d1697f7
102,asf__cxf_CVE-2016-6812_3.0.11,CVE-2016-6812,CWE-079,Improper Neutralization of Input During Web Page Generation ('Cross-site Scripting'),apache,cxf,3.0.11,https://github.com/apache/cxf,GHSA-vw2c-5wph-v92r,6c7df35913ce3fc6ec8f5dc6c6074b187f751aa6,1be97cb13aef121b799b1be4d9793c0e8b925a12;1f824d8039c7a42a4aa46f844e6c800e1143c7e7;32e89366e2daa5670ac7a5c5c19f0bf9329a4c1e;a30397b0
105,asf__cxf_CVE-2019-17573_3.2.11,CVE-2019-17573,CWE-079,Improper Neutralization of Input During Web Page Generation ('Cross-site Scripting'),apache,cxf,3.2.11,https://github.com/apache/cxf,GHSA-f93p-f762-vr53,da2d27d97f9e9abd7d307e2224e5e0338b767ee2,a02e96ba1095596bef481919f16a90c5e80a92c8
108,codecentric__spring-boot-admin_CVE-2022-46166_2.6.9,CVE-2022-46166,CWE-094,Improper Control of Generation of Code ('Code Injection'),codecentric,spring-boot-admin,2.6.9,https://github.com/codecentric/spring-boot-admin,GHSA-w3x5-427h-wfq6,650db9e89d80f54b41ebd18f8c27389e8741516d,c14c3ec12533f71f84de9ce3ce5ceb7991975f75
122,folio-org__spring-module-core_CVE-2022-4963_2.0.0,CVE-2022-4963,CWE-089,Improper Neutralization of Special Elements used in an SQL Command ('SQL Injection'),folio-org,spring-module-core,2.0.0,https://github.com/folio-org/spring-module-core,GHSA-4h5h-p23f-hjqf,e93b5ddd3022b81abf8ae81da8d3a740186f456e,d374a5f77e6b58e36f0e0e4419be18b95edcd7ff
136,jackrabbit_CVE-2025-53689_jackrabbit-2.23.1-beta,CVE-2025-53689,CWE-611,CWE-611: Improper Restriction of XML External Entity Reference,apache,jackrabbit,jackrabbit-2.23.1-beta,https://github.com/apache/jackrabbit,GHSA-44c3-38h8-9fh9,8b60b53546ebca4aa5160c9b764412fd381d5635,02786c0a01838580252bdab79bfa54026c30294e
143,incubator-seata_CVE-2025-32897_v2.2.0,CVE-2025-32897,CWE-502,CWE-502: Deserialization of Untrusted Data,apache,incubator-seata,v2.2.0,https://github.com/apache/incubator-seata,GHSA-m964-fjrh-xxq2,c95bd08bf1c139bbac323a0e2190cb6bbca2dba3,7eda23e948312ed52c3336de70a11f4d2ab06a48
144,allure2_CVE-2025-52888_2.34.0,CVE-2025-52888,CWE-611,CWE-611: Improper Restriction of XML External Entity Reference,allure-framework,allure2,2.34.0,https://github.com/allure-framework/allure2,GHSA-h7qf-qmf3-85qg,eaa87ff7d93e79074f7a1d785740bd3fed2f89fd,cbcb33719851ff70adce85d38e15d20fc58d4eb7
149,powsybl-core_CVE-2025-47771_v6.7.1,CVE-2025-47771,CWE-502,CWE-502: Deserialization of Untrusted Data,powsybl,powsybl-core,v6.7.1,https://github.com/powsybl/powsybl-core,GHSA-f5cx-h789-j959,d8398f689a5ccd505bd62eee2bd6670a29133110,8ed16ce41683c4aef5f6aa1dd5ae8642aa5ed2bd
154,solon_CVE-2025-46096_v3.1.2,CVE-2025-46096,CWE-22,CWE-22: Improper Limitation of a Pathname to a Restricted Directory ('Path Traversal'),opensolon,solon,v3.1.2,https://github.com/opensolon/solon,GHSA-m63q-4hr8-5r5h,4fdbc8f37e3e752d4b267b486116399597ea56b4,49a3bf95fdcf050829843004b65a2b336ca6ddff
169,webdrivermanager_CVE-2025-4641_webdrivermanager-6.0.1,CVE-2025-4641,CWE-611,CWE-611: Improper Restriction of XML External Entity Reference,bonigarcia,webdrivermanager,webdrivermanager-6.0.1,https://github.com/bonigarcia/webdrivermanager,GHSA-pwm3-776c-8q7q,81f1c18de7dec8bacdfe011e8fb9d18492f59257,32b0b4d9c21adf474be9b63530b073b85ffbb65b
170,iotdb_CVE-2025-26795_v1.3.3,CVE-2025-26795,CWE-200,CWE-200: Exposure of Sensitive Information to an Unauthorized Actor,apache,iotdb,v1.3.3,https://github.com/apache/iotdb,GHSA-gp98-hfvm-2r4x,946fcbc2d3b3a773e23fff3ccc9b4d5e3247f9f2,34fcaff6b72470d5ad369307dde7fae8897aea7e
171,iotdb_CVE-2025-26864_v1.3.3,CVE-2025-26864,CWE-200,CWE-200: Exposure of Sensitive Information to an Unauthorized Actor,apache,iotdb,v1.3.3,https://github.com/apache/iotdb,GHSA-5fc3-pqf2-57cx,946fcbc2d3b3a773e23fff3ccc9b4d5e3247f9f2,34fcaff6b72470d5ad369307dde7fae8897aea7e
177,jpawebapi_CVE-2025-32961_v1.1.0,CVE-2025-32961,CWE-79,CWE-79: Improper Neutralization of Input During Web Page Generation ('Cross-site Scripting'),cuba-platform,jpawebapi,v1.1.0,https://github.com/cuba-platform/jpawebapi,GHSA-hg25-w3vg-7279,14fa1acacc2401f75a639fe33e71961460b97505,78b837d7e2b12d0df69cef1bc6042ebf3bdaf22c
178,restapi_CVE-2025-32960_v7.2.6,CVE-2025-32960,CWE-79,CWE-79: Improper Neutralization of Input During Web Page Generation ('Cross-site Scripting'),cuba-platform,restapi,v7.2.6,https://github.com/cuba-platform/restapi,GHSA-88h5-34xw-2q56,f0f76a8fa8f087e98ac715430a7f142965c9282a,b3d599f6657d7e212fdb134a61ab5e0888669eb1
187,kylin_CVE-2025-30067_kylin-5.0.1,CVE-2025-30067,CWE-94,CWE-94: Improper Control of Generation of Code ('Code Injection'),apache,kylin,kylin-5.0.1,https://github.com/apache/kylin,GHSA-29m8-wh9p-5wc4,bd86f44d597640d64e4a5789a54c1a3f2aa7786d,21d98f3ef29f71b50dacabbf039905f9f0f71b95
192,snowflake-jdbc_CVE-2025-27496_v3.23.0,CVE-2025-27496,CWE-532,CWE-532: Insertion of Sensitive Information into Log File,snowflakedb,snowflake-jdbc,v3.23.0,https://github.com/snowflakedb/snowflake-jdbc,GHSA-q298-375f-5q63,f8ab78a9567fcc3d3b245ba5a993110df9e3c6d8,ef81582ce2f1dbc3c8794a696c94f4fe65fad507
194,keycloak_CVE-2025-1391_26.1.2,CVE-2025-1391,CWE-284,CWE-284: Improper Access Control,keycloak,keycloak,26.1.2,https://github.com/keycloak/keycloak,GHSA-gvgg-2r3r-53x7,4b628610c42b7754d0b3f4a0283202a5dcaa9697,5aa2b4c75bb474303ab807017582bc01a9f7e378
198,emissary_CVE-2025-27508_8.23.0,CVE-2025-27508,CWE-327,CWE-327: Use of a Broken or Risky Cryptographic Algorithm,NationalSecurityAgency,emissary,8.23.0,https://github.com/NationalSecurityAgency/emissary,GHSA-hw43-fcmm-3m5g,ff9fed1d5910ca1879a290b78045ec991a93cb2e,da3a81a8977577597ff2a944820a5ae4e9762368
200,solon_CVE-2025-1584_v3.0.8,CVE-2025-1584,CWE-23,CWE-23: Relative Path Traversal,opensolon,solon,v3.0.8,https://github.com/opensolon/solon,GHSA-x8q6-cchr-p7m6,87474726f1e496b381ce9d5ebbadabd0e04c2d75,f46e47fd1f8455b9467d7ead3cdb0509115b2ef1
208,djl_CVE-2025-0851_v0.30.0,CVE-2025-0851,CWE-22,CWE-22: Improper Limitation of a Pathname to a Restricted Directory ('Path Traversal'),deepjavalibrary,djl,v0.30.0,https://github.com/deepjavalibrary/djl,GHSA-jcrp-x7w3-ffmg,503289a69c581e2373e12cff78ea2adc03a8d86f,7415cc5f72aae69ea9716a5e4f709af03a77a619
213,jte_CVE-2025-23026_3.1.15,CVE-2025-23026,CWE-79,CWE-79: Improper Neutralization of Input During Web Page Generation ('Cross-site Scripting'),casid,jte,3.1.15,https://github.com/casid/jte,GHSA-vh22-6c6h-rm8q,0c7d4ad7a135d169b2db85062d827279e6d86aaf,a6fb00d53c7b8dbb86de933215dbe1b9191a57f1
214,libarchive__libarchive_CVE-2016-5844_v3.2.0,CVE-2016-5844,CWE-190,Integer Overflow or Wraparound,libarchive,libarchive,v3.2.0,https://github.com/libarchive/libarchive,,167e97be1d35c1e0947d768adbf94712244aad6b,3ad08e01b4d253c66ae56414886089684155af22
215,gnome__libxml2_CVE-2017-5969_362b3229,CVE-2017-5969,CWE-476,NULL Pointer Dereference,GNOME,libxml2,362b3229,https://gitlab.gnome.org/GNOME/libxml2,,362b32293487ece0dc76b9df29c59e25c0712432,94691dc884d1a8ada39f073408b4bb92fe7fe882
216,libjpeg-turbo__libjpeg-turbo_CVE-2012-2806_4f24016,CVE-2012-2806,CWE-787,Out-of-bounds Write,libjpeg-turbo,libjpeg-turbo,4f24016,https://github.com/libjpeg-turbo/libjpeg-turbo,,4f24016bde11aa4282900ff071a6c8481027e063,dd2b651243125701dca2ed2f31b3d34056719b9c
217,libming__libming_CVE-2016-9264_cc6a386,CVE-2016-9264,CWE-119,Improper Restriction of Operations within the Bounds of a Memory Buffer,libming,libming,cc6a386,https://github.com/libming/libming,,cc6a386555a2fb13589f92473dd65b289a38d02d,19e7127e29122be571c87bfb90bca9581417d220
218,jasper-software__jasper_CVE-2016-8691_3c55b399c36e,CVE-2016-8691,CWE-369,Divide By Zero,jasper-software,jasper,3c55b399c36e,https://github.com/jasper-software/jasper,,3c55b399c36ef46befcb21e4ebc4799367f89684,d8c2604cd438c41ec72aff52c16ebd8183068020
219,jasper-software__jasper_CVE-2016-9557_version-1.90,CVE-2016-9557,CWE-190,Integer Overflow or Wraparound,jasper-software,jasper,version-1.90,https://github.com/jasper-software/jasper,,e613bbb1612d3a82abc9b8d170c4d9a5d2ec0135,d42b2388f7f8e0332c846675133acea151fc557a
220,libjpeg-turbo__libjpeg-turbo_CVE-2017-15232_3212005,CVE-2017-15232,CWE-476,NULL Pointer Dereference,libjpeg-turbo,libjpeg-turbo,3212005,https://github.com/libjpeg-turbo/libjpeg-turbo,,32120054c224d1911ebe33dc664c0f730a7782b2,1ecd9a5729d78518397889a630e3534bd9d963a8
223,libming__libming_CVE-2018-8806_ming-0_4_8,CVE-2018-8806,CWE-416,Use-After-Free,libming,libming,ming-0_4_8,https://github.com/libming/libming,,b72cc2fda0e8b3792b7b3f7361fc3f917f269433,3a000c7b6fe978dd9925266bb6847709e06dbaa3
224,git__binutils-gdb_CVE-2017-15020_11855d8a1f11,CVE-2017-15020,CWE-125,Out-of-bounds Read,git,binutils-gdb,11855d8a1f11,https://github.com/gnutools/binutils-gdb,,11855d8a1f11b102a702ab76e95b22082cccf2f8,1da5c9a485f3dcac4c45e96ef4b7dae5948314b5
225,git__binutils-gdb_CVE-2017-15025_515f23e63c00,CVE-2017-15025,CWE-369,Divide By Zero,git,binutils-gdb,515f23e63c00,https://github.com/gnutools/binutils-gdb,,515f23e63c0074ab531bc954f84ca40c6281a724,d8010d3e75ec7194a4703774090b27486b742d48
226,git__binutils-gdb_CVE-2017-14745_7a31b38ef87d,CVE-2017-14745,CWE-190,Integer Overflow or Wraparound,git,binutils-gdb,7a31b38ef87d,https://github.com/gnutools/binutils-gdb,,7a31b38ef87d133d8204cae67a97f1989d25fa18,e6ff33ca50c1180725dde11c84ee93fcdb4235ef
227,git__binutils-gdb_CVE-2017-6965_13a590ca65f7,CVE-2017-6965,CWE-119,Improper Restriction of Operations within the Bounds of a Memory Buffer,git,binutils-gdb,13a590ca65f7,https://github.com/gnutools/binutils-gdb,,13a590ca65f744c8fa55d6e0748cb12f443493f0,03f7786e2f440b9892b1c34a58fb26222ce1b493
228,GNOME__libxml2_CVE-2012-5134_4ea74a440d6f,CVE-2012-5134,CWE-119,Improper Restriction of Operations within the Bounds of a Memory Buffer,GNOME,libxml2,4ea74a440d6f,https://gitlab.gnome.org/GNOME/libxml2,,4ea74a440d6f7ff0f6e2d25a780aee21f86762a8,6a36fbe3b3e001a8a840b5c1fdd81cefc9947f0d
229,GNOME__libxml2_CVE-2016-1838_cbb271655cad,CVE-2016-1838,CWE-125,Out-of-bounds Read,GNOME,libxml2,cbb271655cad,https://gitlab.gnome.org/GNOME/libxml2,,cbb271655cadeb8dbb258a64701d9a3a0c4835b4,db07dd613e461df93dde7902c6505629bf0734e9
230,GNOME__libxml2_CVE-2016-1839_db07dd613e46,CVE-2016-1839,CWE-125,Out-of-bounds Read,GNOME,libxml2,db07dd613e46,https://gitlab.gnome.org/GNOME/libxml2,,db07dd613e461df93dde7902c6505629bf0734e9,a820dbeac29d330bae4be05d9ecd939ad6b4aa33
231,libming__libming_CVE-2018-8964_ming-0_4_8,CVE-2018-8964,CWE-416,Use-After-Free,libming,libming,ming-0_4_8,https://github.com/libming/libming,,b72cc2fda0e8b3792b7b3f7361fc3f917f269433,3a000c7b6fe978dd9925266bb6847709e06dbaa3
232,gnome__libxml2_CVE-2016-1833_6657afe8,CVE-2016-1833,CWE-125,Out-of-bounds Read,GNOME,libxml2,6657afe8,https://gitlab.gnome.org/GNOME/libxml2,,6657afe83a38278f124ace71dc85f60420beb2d5,0bcd05c5cd83dec3406c8f68b769b1d610c72f76
233,skyrpex__potrace_CVE-2013-7437_189777a2bd50,CVE-2013-7437,CWE-190,Integer Overflow or Wraparound,skyrpex,potrace,189777a2bd50,https://github.com/skyrpex/potrace,,189777a2bd5015c4debbef6e54f34ab5a8c99586,1f13f311796582fc0799e18e83eace616732de2d
234,coreutils__coreutils_gnubug-19784_658529a10e05,gnubug-19784,CWE-125,Out-of-bounds Read,coreutils,coreutils,658529a10e05,https://github.com/coreutils/coreutils,,658529a10e05d06524d5f591a08f04c04159b4cc,1d0f1b7ce10807290715d0b7c4637ac9d4fc7821
235,coreutils__coreutils_gnubug-25023_ca99c524e828,gnubug-25023,CWE-125,Out-of-bounds Read,coreutils,coreutils,ca99c524e828,https://github.com/coreutils/coreutils,,ca99c524e828cc1a1cfeff3cdfc5349f87143829,d91aeef0527bf8ec0f83c3c3b69f3979c0b4c4a0
236,jasper-software__jasper_CVE-2020-27828_99758566a5fd,CVE-2020-27828,CWE-787,Out-of-bounds Write,jasper-software,jasper,99758566a5fd,https://github.com/jasper-software/jasper,,99758566a5fd90d4ff3a8f7827df43b41c49dc05,4cd52b5daac62b00a0a328451544807ddecf775f
237,jasper-software__jasper_CVE-2021-3272_9a2835a81ce9,CVE-2021-3272,CWE-125,Out-of-bounds Read,jasper-software,jasper,9a2835a81ce9,https://github.com/jasper-software/jasper,,9a2835a81ce9c41a48f36dadce79f110da8d6c75,49174ab592cdfa6f1a929a2ee3d4b4976f9459fd
238,gdraheim__zziplib_CVE-2017-5974_3a4ffcdd7870,CVE-2017-5974,CWE-119,Improper Restriction of Operations within the Bounds of a Memory Buffer,gdraheim,zziplib,3a4ffcdd7870,https://github.com/gdraheim/zziplib,,3a4ffcdd78708c2c7bb9aa89b0a6df0aab6c9d3e,"03de3beabbf570474a9ac05d6dc6b42cdb184cd1,9e8f867a976311a3e5fb0184c947e22ec35f2fcb"
239,gdraheim__zziplib_CVE-2017-5975_3a4ffcdd7870,CVE-2017-5975,CWE-787,Out-of-bounds Write,gdraheim,zziplib,3a4ffcdd7870,https://github.com/gdraheim/zziplib,,3a4ffcdd78708c2c7bb9aa89b0a6df0aab6c9d3e,"33d6e9c52fcf1a8983896a512033994dc2ca5734,64e745f8a3604ba1c444febed86b5e142ce03dd7"
240,gdraheim__zziplib_CVE-2017-5976_3a4ffcdd7870,CVE-2017-5976,CWE-787,Out-of-bounds Write,gdraheim,zziplib,3a4ffcdd7870,https://github.com/gdraheim/zziplib,,3a4ffcdd78708c2c7bb9aa89b0a6df0aab6c9d3e,03de3beabbf570474a9ac05d6dc6b42cdb184cd1
241,vadz__libtiff_CVE-2016-5314_c421b993abe1,CVE-2016-5314,CWE-787,Out-of-bounds Write,vadz,libtiff,c421b993abe1,https://github.com/vadz/libtiff,,c421b993abe1d6792252833c3bc8b3252b015fb9,391e77fcd217e78b2c51342ac3ddb7100ecacdd2
242,vadz__libtiff_CVE-2016-5321_0ba5d8814a17,CVE-2016-5321,CWE-119,Improper Restriction of Operations within the Bounds of a Memory Buffer,vadz,libtiff,0ba5d8814a17,https://github.com/vadz/libtiff,,0ba5d8814a17a64bdb8d9035f4c533f3f3f4b496,2f79856097f423eb33796a15fcf700d2ea41bf31
243,vadz__libtiff_CVE-2016-9532_d651abc097d9,CVE-2016-9532,CWE-125,Out-of-bounds Read,vadz,libtiff,d651abc097d9,https://github.com/vadz/libtiff,,d651abc097d91fac57f33b5f9447d0a9183f58e7,21d39de1002a5e69caa0574b2cc05d795d6fbfad
244,vadz__libtiff_CVE-2017-5225_393881da1a7f,CVE-2017-5225,CWE-119,Improper Restriction of Operations within the Bounds of a Memory Buffer,vadz,libtiff,393881da1a7f,https://github.com/vadz/libtiff,,393881da1a7fee683c0ec062a7d1ccdf3fa47385,5c080298d59efa53264d7248bbe3a04660db6ef7
245,vadz__libtiff_CVE-2017-7595_2c00d31b6cd5,CVE-2017-7595,CWE-369,Divide By Zero,vadz,libtiff,2c00d31b6cd5,https://github.com/vadz/libtiff,,2c00d31b6cd5282d172754958b8b87c362f852ee,47f2fb61a3a64667bce1a8398a8fcb1b348ff122
246,vadz__libtiff_CVE-2017-7599_3cfd62d77c2a,CVE-2017-7599,CWE-20,Improper Input Validation,vadz,libtiff,3cfd62d77c2a,https://github.com/vadz/libtiff,,3cfd62d77c2a7e147a05bd678524c345fa9c2bb8,3144e57770c1e4d26520d8abee750f8ac8b75490
247,vadz__libtiff_CVE-2017-7600_3cfd62d77c2a,CVE-2017-7600,CWE-20,Improper Input Validation,vadz,libtiff,3cfd62d77c2a,https://github.com/vadz/libtiff,,3cfd62d77c2a7e147a05bd678524c345fa9c2bb8,3144e57770c1e4d26520d8abee750f8ac8b75490
250,vadz__libtiff_CVE-2017-7601_3144e57770c1,CVE-2017-7601,CWE-20,Improper Input Validation,vadz,libtiff,3144e57770c1,https://github.com/vadz/libtiff,,3144e57770c1e4d26520d8abee750f8ac8b75490,0a76a8c765c7b8327c59646284fa78c3c27e5490
253,libtiff__libtiff_CVE-2018-18557_d438fab328c0,CVE-2018-18557,CWE-787,Out-of-bounds Write,libtiff,libtiff,d438fab328c0,https://gitlab.com/libtiff/libtiff,,d438fab328c0e6180f27610df532340a73694023,681748ec2f5ce88da5f9fa6831e1653e46af8a66
254,vadz__libtiff_CVE-2016-10092_43bc256d8ae4,CVE-2016-10092,CWE-119,Improper Restriction of Operations within the Bounds of a Memory Buffer,vadz,libtiff,43bc256d8ae4,https://github.com/vadz/libtiff,,43bc256d8ae44b92d2734a3c5bc73957a4d7c1ec,9657bbe3cdce4aaa90e07d50c1c70ae52da0ba6a
255,vadz__libtiff_CVE-2016-10272_43bc256d8ae4,CVE-2016-10272,CWE-119,Improper Restriction of Operations within the Bounds of a Memory Buffer,vadz,libtiff,43bc256d8ae4,https://github.com/vadz/libtiff,,43bc256d8ae44b92d2734a3c5bc73957a4d7c1ec,9657bbe3cdce4aaa90e07d50c1c70ae52da0ba6a
256,libtiff__libtiff_CVE-2022-4645_36511f843f5c,CVE-2022-4645,CWE-125,Out-of-bounds Read,libtiff,libtiff,36511f843f5c,https://gitlab.com/libtiff/libtiff,,36511f843f5c29de791b8739516963cfd176ab3c,e813112545942107551433d61afd16ac094ff246
257,vadz__libtiff_bugzilla-2611_9a72a69e035e,bugzilla-2611,CWE-369,Divide By Zero,vadz,libtiff,9a72a69e035e,https://github.com/vadz/libtiff,,9a72a69e035ee70ff5c41541c8c61cd97990d018,43bc256d8ae44b92d2734a3c5bc73957a4d7c1ec
258,vadz__libtiff_bugzilla-2633_f3069a5adc65,bugzilla-2633,CWE-125,Out-of-bounds Read,vadz,libtiff,f3069a5adc65,https://github.com/vadz/libtiff,,f3069a5adc65b67b90222441e3711b236a16e624,5ed9fea523316c2f5cec4d393e4d5d671c2dbc33
259,libtiff__libtiff_CVE-2022-48281_38a582016c60,CVE-2022-48281,CWE-787,Out-of-bounds Write,libtiff,libtiff,38a582016c60,https://gitlab.com/libtiff/libtiff,,38a582016c60d5b1f2300db8a76b67795e3d34b6,d1b6b9c1b3cae2d9e37754506c1ad8f4f7b646b5
260,vadz__libtiff_CVE-2016-3186_c421b993abe1,CVE-2016-3186,CWE-119,Improper Restriction of Operations within the Bounds of a Memory Buffer,vadz,libtiff,c421b993abe1,https://github.com/vadz/libtiff,,c421b993abe1d6792252833c3bc8b3252b015fb9,
